slide,modelA,modelB,pattern,n_tiles,fg_thresh,hard_thresh,soft_mean,soft_median,soft_std,hard_mean,hard_median,hard_std
TCGA-KL-8323-01Z-00-DX1.01d72f6a-cc87-4082-8af4-738250ec4d9c_patches_images,conch,musk,*_L-1_Havg.png,100,p10,otsu,0.9858340489591418,0.988642056604239,0.00866977587597928,0.9102291013196399,0.9260989577946532,0.05512290218000322
TCGA-KL-8323-01Z-00-DX1.01d72f6a-cc87-4082-8af4-738250ec4d9c_patches_images,conch,hoptimus,*_L-1_Havg.png,100,p10,otsu,0.9834210189697328,0.9857025802805475,0.011231285623726217,0.8386764364767508,0.8809764024774049,0.13342755273149637
TCGA-KL-8323-01Z-00-DX1.01d72f6a-cc87-4082-8af4-738250ec4d9c_patches_images,musk,hoptimus,*_L-1_Havg.png,100,p10,otsu,0.9836124757713393,0.9897197393275075,0.013984516631655506,0.84258433988675,0.9028496702233864,0.1415911492465207
TCGA-KL-8324-01Z-00-DX1.d99a7299-8f9b-4881-8324-50ed2d63358c_patches_images,conch,musk,*_L-1_Havg.png,100,p10,otsu,0.9860523258594854,0.9870038031080965,0.00745706633112752,0.8855879751977388,0.9119018661015559,0.08111334381010812
TCGA-KL-8324-01Z-00-DX1.d99a7299-8f9b-4881-8324-50ed2d63358c_patches_images,conch,hoptimus,*_L-1_Havg.png,100,p10,otsu,0.9809304336785045,0.9850748395301656,0.015011380449990654,0.7975477061951607,0.836131805971281,0.15651255439601716
TCGA-KL-8324-01Z-00-DX1.d99a7299-8f9b-4881-8324-50ed2d63358c_patches_images,musk,hoptimus,*_L-1_Havg.png,100,p10,otsu,0.9814395498686973,0.9874328722094923,0.016014126630927786,0.8009006090229285,0.8685090225344583,0.16167198243115674
TCGA-KL-8325-01Z-00-DX1.330bdb6c-86ee-4577-9846-298080b4c2ad_patches_images,conch,musk,*_L-1_Havg.png,100,p10,otsu,0.9863560098828608,0.9878816436550117,0.008474761028929582,0.9165188677999301,0.9264393713708315,0.05231475716831361
TCGA-KL-8325-01Z-00-DX1.330bdb6c-86ee-4577-9846-298080b4c2ad_patches_images,conch,hoptimus,*_L-1_Havg.png,100,p10,otsu,0.9740125306414525,0.9830391539975321,0.024350425553808303,0.8313041300685439,0.8836547119473781,0.1486374271708551
TCGA-KL-8325-01Z-00-DX1.330bdb6c-86ee-4577-9846-298080b4c2ad_patches_images,musk,hoptimus,*_L-1_Havg.png,100,p10,otsu,0.9743982329967819,0.9839848681033875,0.023848551289415227,0.8268339153399462,0.8784528933640956,0.15424975606505434
TCGA-KL-8326-01Z-00-DX1.0fe86143-728f-4447-98a5-4a6d87ef398b_patches_images,conch,musk,*_L-1_Havg.png,100,p10,otsu,0.9895690138714552,0.9906028820732445,0.005167829711120999,0.9096209991264146,0.9162641662352283,0.04466929730354412
TCGA-KL-8326-01Z-00-DX1.0fe86143-728f-4447-98a5-4a6d87ef398b_patches_images,conch,hoptimus,*_L-1_Havg.png,100,p10,otsu,0.983749246795202,0.9886040145152537,0.014534085184432579,0.8556201998762583,0.902451787392702,0.1262250260031191
TCGA-KL-8326-01Z-00-DX1.0fe86143-728f-4447-98a5-4a6d87ef398b_patches_images,musk,hoptimus,*_L-1_Havg.png,100,p10,otsu,0.9865211998109881,0.9920214641177182,0.012599312402578512,0.8576726973081285,0.9068901652726646,0.12898267546454573
TCGA-KL-8327-01Z-00-DX1.f3009cdc-baf7-45ba-95a6-1b6311799cc8_patches_images,conch,musk,*_L-1_Havg.png,100,p10,otsu,0.9863605799303281,0.9882946561921186,0.007469465947964477,0.9016496817867803,0.9137206999706862,0.06757196022323605
TCGA-KL-8327-01Z-00-DX1.f3009cdc-baf7-45ba-95a6-1b6311799cc8_patches_images,conch,hoptimus,*_L-1_Havg.png,100,p10,otsu,0.9796150233913293,0.9856822023109197,0.017080272946588634,0.8440223528039664,0.891241003473635,0.14387887157478949
TCGA-KL-8327-01Z-00-DX1.f3009cdc-baf7-45ba-95a6-1b6311799cc8_patches_images,musk,hoptimus,*_L-1_Havg.png,100,p10,otsu,0.9833461902956793,0.9901391306058798,0.01604407368807944,0.8508916903231399,0.9099603285018893,0.14416174768305587
TCGA-KL-8328-01Z-00-DX1.497ddcb5-0436-4c76-a633-4744e24e6efe_patches_images,conch,musk,*_L-1_Havg.png,100,p10,otsu,0.9893584037342704,0.9920713315667586,0.007142290811979609,0.9141403392448604,0.9308667371369707,0.0877424475558133
TCGA-KL-8328-01Z-00-DX1.497ddcb5-0436-4c76-a633-4744e24e6efe_patches_images,conch,hoptimus,*_L-1_Havg.png,100,p10,otsu,0.9855951590024287,0.9900026594632485,0.012783598365385684,0.8611678501986313,0.897400684600753,0.11788856508059789
TCGA-KL-8328-01Z-00-DX1.497ddcb5-0436-4c76-a633-4744e24e6efe_patches_images,musk,hoptimus,*_L-1_Havg.png,100,p10,otsu,0.9853548294677527,0.990454114184203,0.012895276303447755,0.8365759705711744,0.8868258087380023,0.13060134409196977
TCGA-KL-8329-01Z-00-DX1.6c9000ef-34ff-4e44-84b3-755a868f6a4e_patches_images,conch,musk,*_L-1_Havg.png,100,p10,otsu,0.9901499767382056,0.9918756766007175,0.005228936790497111,0.8947560192623503,0.9072927064581455,0.05321837446545224
TCGA-KL-8329-01Z-00-DX1.6c9000ef-34ff-4e44-84b3-755a868f6a4e_patches_images,conch,hoptimus,*_L-1_Havg.png,100,p10,otsu,0.9861421647411107,0.9895513961874085,0.011063128236445714,0.8341728335639894,0.8755542002772788,0.13612443966578794
TCGA-KL-8329-01Z-00-DX1.6c9000ef-34ff-4e44-84b3-755a868f6a4e_patches_images,musk,hoptimus,*_L-1_Havg.png,100,p10,otsu,0.9873755580934598,0.9920012221721247,0.011475835814814282,0.831428021957047,0.8949823094747426,0.14276395942214393
TCGA-KL-8330-01Z-00-DX1.30a61e5b-9379-498a-9aa4-60fd7a3a2f32_patches_images,conch,musk,*_L-1_Havg.png,100,p10,otsu,0.9807793822645003,0.9840053693162143,0.012325538161698103,0.9229126258734413,0.9361263140866058,0.05682964382997591
TCGA-KL-8330-01Z-00-DX1.30a61e5b-9379-498a-9aa4-60fd7a3a2f32_patches_images,conch,hoptimus,*_L-1_Havg.png,100,p10,otsu,0.9804187826149544,0.98137762151301,0.012819041427043258,0.8850249192120756,0.9278939174823242,0.12479840723340772
TCGA-KL-8330-01Z-00-DX1.30a61e5b-9379-498a-9aa4-60fd7a3a2f32_patches_images,musk,hoptimus,*_L-1_Havg.png,100,p10,otsu,0.9836615752191686,0.9882150091959172,0.014115623950906656,0.8854784559327032,0.9375148182768962,0.1281830441702465
TCGA-KL-8331-01Z-00-DX1.3c39f9b9-b639-4bca-a415-bf7427ea2ba5_patches_images,conch,musk,*_L-1_Havg.png,100,p10,otsu,0.9873530302699035,0.989429313554522,0.007318822924006193,0.8965133350167177,0.9113088935928635,0.08548485549746561
TCGA-KL-8331-01Z-00-DX1.3c39f9b9-b639-4bca-a415-bf7427ea2ba5_patches_images,conch,hoptimus,*_L-1_Havg.png,100,p10,otsu,0.9883625482451842,0.9906152712668618,0.008220715127480684,0.8784483583716565,0.9159370098882318,0.09919398282850347
TCGA-KL-8331-01Z-00-DX1.3c39f9b9-b639-4bca-a415-bf7427ea2ba5_patches_images,musk,hoptimus,*_L-1_Havg.png,100,p10,otsu,0.9884053973641987,0.9921029355339569,0.009813911519888275,0.8517548534013045,0.8927569437708432,0.10951593251147325
TCGA-KL-8332-01Z-00-DX1.3a375f5f-38e4-4022-8b36-5d8547870417_patches_images,conch,musk,*_L-1_Havg.png,100,p10,otsu,0.986481026864078,0.9889242185447421,0.007717885876973723,0.8887423855502363,0.906222107922384,0.06659130613220739
TCGA-KL-8332-01Z-00-DX1.3a375f5f-38e4-4022-8b36-5d8547870417_patches_images,conch,hoptimus,*_L-1_Havg.png,100,p10,otsu,0.9835309703152805,0.9867835577460962,0.013171881477645279,0.8207069066854176,0.8598050445181282,0.14079725759686845
TCGA-KL-8332-01Z-00-DX1.3a375f5f-38e4-4022-8b36-5d8547870417_patches_images,musk,hoptimus,*_L-1_Havg.png,100,p10,otsu,0.9829920751073341,0.9874737020083004,0.013163233558507174,0.810039412264008,0.8604889076722884,0.14311009979707798
TCGA-KL-8333-01Z-00-DX1.830e3f78-ba43-4b42-b2b5-f3be10d2b781_patches_images,conch,musk,*_L-1_Havg.png,100,p10,otsu,0.9850318078072476,0.9862722986543739,0.0074128558955022525,0.873541156908346,0.8966473537236659,0.07783961345449156
TCGA-KL-8333-01Z-00-DX1.830e3f78-ba43-4b42-b2b5-f3be10d2b781_patches_images,conch,hoptimus,*_L-1_Havg.png,100,p10,otsu,0.9838312081079459,0.9862936716056088,0.009752348776589865,0.8397895949644352,0.890038305521977,0.12561031119293925
TCGA-KL-8333-01Z-00-DX1.830e3f78-ba43-4b42-b2b5-f3be10d2b781_patches_images,musk,hoptimus,*_L-1_Havg.png,100,p10,otsu,0.9883160413080995,0.992700407807041,0.011489860809060792,0.8741546736235487,0.9187608476799831,0.12612601090556189
TCGA-KL-8334-01Z-00-DX1.bc0857e2-938f-497a-ab63-38bc87e1af30_patches_images,conch,musk,*_L-1_Havg.png,100,p10,otsu,0.9843965410726417,0.9857595082719437,0.009230471516902556,0.8892910123521073,0.9068052517263888,0.07293882277935712
TCGA-KL-8334-01Z-00-DX1.bc0857e2-938f-497a-ab63-38bc87e1af30_patches_images,conch,hoptimus,*_L-1_Havg.png,100,p10,otsu,0.9827554295783628,0.985697760245722,0.013067945516273419,0.8523118679036391,0.8765102120360515,0.12197370623887198
TCGA-KL-8334-01Z-00-DX1.bc0857e2-938f-497a-ab63-38bc87e1af30_patches_images,musk,hoptimus,*_L-1_Havg.png,100,p10,otsu,0.9835350135851949,0.9899419457406607,0.014605444052032898,0.8551174028425125,0.8948383124613899,0.1166147461522299
TCGA-KL-8336-01Z-00-DX1.bfba9373-efa8-4573-8ee6-8ac961f0b65a_patches_images,conch,musk,*_L-1_Havg.png,100,p10,otsu,0.9844550725092597,0.9866616350617221,0.009239405874599836,0.8932035945326033,0.9094852315736172,0.07472442876898937
TCGA-KL-8336-01Z-00-DX1.bfba9373-efa8-4573-8ee6-8ac961f0b65a_patches_images,conch,hoptimus,*_L-1_Havg.png,100,p10,otsu,0.9813394031478349,0.9835279050333734,0.01205211312476694,0.8563915903694884,0.8952068416089622,0.11722265958066175
TCGA-KL-8336-01Z-00-DX1.bfba9373-efa8-4573-8ee6-8ac961f0b65a_patches_images,musk,hoptimus,*_L-1_Havg.png,100,p10,otsu,0.9835258289082435,0.9882946596220563,0.013788084802869966,0.8739750618930238,0.9088181627078256,0.1065363572114457
TCGA-KL-8337-01Z-00-DX1.78306056-304b-44c3-87cd-46d3785b7204_patches_images,conch,musk,*_L-1_Havg.png,100,p10,otsu,0.9876940672966589,0.989421341869257,0.006525060832694157,0.8978243970710662,0.9144689793297094,0.061175620827939106
TCGA-KL-8337-01Z-00-DX1.78306056-304b-44c3-87cd-46d3785b7204_patches_images,conch,hoptimus,*_L-1_Havg.png,100,p10,otsu,0.9836681945868121,0.987377556904133,0.012459452050845428,0.845229501991668,0.8737170855541796,0.12203387903671917
TCGA-KL-8337-01Z-00-DX1.78306056-304b-44c3-87cd-46d3785b7204_patches_images,musk,hoptimus,*_L-1_Havg.png,100,p10,otsu,0.9818418343450064,0.98665807550535,0.014645064679783725,0.8384428294177684,0.8703145010536971,0.11721770555818957
TCGA-KL-8338-01Z-00-DX1.c3febc9e-8adc-49e0-9ce1-9d2dcc79c09c_patches_images,conch,musk,*_L-1_Havg.png,100,p10,otsu,0.9889086265401866,0.989217606728257,0.005852759316779222,0.8876664197572361,0.8968116664283424,0.07135789470920004
TCGA-KL-8338-01Z-00-DX1.c3febc9e-8adc-49e0-9ce1-9d2dcc79c09c_patches_images,conch,hoptimus,*_L-1_Havg.png,100,p10,otsu,0.9877464095798208,0.989322361092275,0.007917556684041212,0.8466672695138232,0.8774786605685774,0.11872358540135221
TCGA-KL-8338-01Z-00-DX1.c3febc9e-8adc-49e0-9ce1-9d2dcc79c09c_patches_images,musk,hoptimus,*_L-1_Havg.png,100,p10,otsu,0.990500778144613,0.9940928315217059,0.00792196326209925,0.8614991182660128,0.9112412821865716,0.11260607986498535
TCGA-KL-8339-01Z-00-DX1.5826ea77-f0a1-4b47-acd7-62a6ba878dec_patches_images,conch,musk,*_L-1_Havg.png,100,p10,otsu,0.984426664984463,0.9869549302417839,0.009545361293181827,0.9065188121806419,0.9397913432711764,0.12815337476344305
TCGA-KL-8339-01Z-00-DX1.5826ea77-f0a1-4b47-acd7-62a6ba878dec_patches_images,conch,hoptimus,*_L-1_Havg.png,100,p10,otsu,0.980125032997723,0.9831336226865257,0.014614057480718347,0.8829154835714368,0.9238678176493968,0.13093129090563765
TCGA-KL-8339-01Z-00-DX1.5826ea77-f0a1-4b47-acd7-62a6ba878dec_patches_images,musk,hoptimus,*_L-1_Havg.png,100,p10,otsu,0.9790407447991336,0.9867648352004521,0.01946441340265638,0.8586051848090271,0.9248016697715399,0.169968086414598
TCGA-KL-8340-01Z-00-DX1.85fe33f4-87d5-4e36-9389-d093cde30f80_patches_images,conch,musk,*_L-1_Havg.png,100,p10,otsu,0.9827880145973279,0.9859415187071656,0.0122436460493954,0.9074821661932901,0.9216922851070277,0.05392174233038778
TCGA-KL-8340-01Z-00-DX1.85fe33f4-87d5-4e36-9389-d093cde30f80_patches_images,conch,hoptimus,*_L-1_Havg.png,100,p10,otsu,0.9836402081464318,0.9856294399090835,0.010702210362361712,0.8860481744989863,0.9202490704360602,0.0961082687212761
TCGA-KL-8340-01Z-00-DX1.85fe33f4-87d5-4e36-9389-d093cde30f80_patches_images,musk,hoptimus,*_L-1_Havg.png,100,p10,otsu,0.9874285061609391,0.9916986655967397,0.010531908733491762,0.8884053486876976,0.915957370249052,0.09681153657490345
TCGA-KL-8341-01Z-00-DX1.eb0da21c-75f5-4de5-a753-12666eff0030_patches_images,conch,musk,*_L-1_Havg.png,100,p10,otsu,0.9906654178209913,0.9928357180455083,0.005776770669546194,0.9022649425135073,0.9164015641912158,0.05888902804408284
TCGA-KL-8341-01Z-00-DX1.eb0da21c-75f5-4de5-a753-12666eff0030_patches_images,conch,hoptimus,*_L-1_Havg.png,100,p10,otsu,0.9898805580490375,0.9925873293951337,0.007463310813758199,0.8573972140526332,0.8949454586361967,0.11035190823617241
TCGA-KL-8341-01Z-00-DX1.eb0da21c-75f5-4de5-a753-12666eff0030_patches_images,musk,hoptimus,*_L-1_Havg.png,100,p10,otsu,0.9900845071668762,0.9933911036426917,0.008363991576548834,0.8451695988598337,0.891712621919597,0.10813321564515936
TCGA-KL-8342-01Z-00-DX1.a0dac779-03d7-4041-9e56-b33e548d5567_patches_images,conch,musk,*_L-1_Havg.png,100,p10,otsu,0.9854167874966842,0.9875236673424261,0.008601685092250353,0.8366553843853769,0.8689488927850983,0.10017618699677348
TCGA-KL-8342-01Z-00-DX1.a0dac779-03d7-4041-9e56-b33e548d5567_patches_images,conch,hoptimus,*_L-1_Havg.png,100,p10,otsu,0.982108998565147,0.9826355630779076,0.009964090302916168,0.754748889815583,0.7577685021933454,0.14667687171272978
TCGA-KL-8342-01Z-00-DX1.a0dac779-03d7-4041-9e56-b33e548d5567_patches_images,musk,hoptimus,*_L-1_Havg.png,100,p10,otsu,0.9826832492250068,0.9873475361346447,0.012304882553300608,0.7806441819663776,0.8406070050315739,0.1469207254408237
TCGA-KL-8343-01Z-00-DX1.e5aeff79-6d98-4c53-923e-a8fe204fbb43_patches_images,conch,musk,*_L-1_Havg.png,100,p10,otsu,0.9867549098359149,0.987159578407315,0.0058942655137334,0.937384970702761,0.9431245692834545,0.03492291131544528
TCGA-KL-8343-01Z-00-DX1.e5aeff79-6d98-4c53-923e-a8fe204fbb43_patches_images,conch,hoptimus,*_L-1_Havg.png,100,p10,otsu,0.9827638581870114,0.9857396195623882,0.010943377021999035,0.9023434206709586,0.9343448013791821,0.08087212416794344
TCGA-KL-8343-01Z-00-DX1.e5aeff79-6d98-4c53-923e-a8fe204fbb43_patches_images,musk,hoptimus,*_L-1_Havg.png,100,p10,otsu,0.9828979078426129,0.9882609433548024,0.012468064174383908,0.8877892838628136,0.9129251420130813,0.08449235118213892
TCGA-KL-8344-01Z-00-DX1.fdcc3157-799f-42ed-99dc-b13d381d9230_patches_images,conch,musk,*_L-1_Havg.png,100,p10,otsu,0.9848017346293533,0.9864184505799165,0.0073934306591507785,0.8980755643569842,0.9208263369160574,0.06072535247398259
TCGA-KL-8344-01Z-00-DX1.fdcc3157-799f-42ed-99dc-b13d381d9230_patches_images,conch,hoptimus,*_L-1_Havg.png,100,p10,otsu,0.9784796571513781,0.9819965862761213,0.015578500182838075,0.8451719787223747,0.8929170176583416,0.1505002875049205
TCGA-KL-8344-01Z-00-DX1.fdcc3157-799f-42ed-99dc-b13d381d9230_patches_images,musk,hoptimus,*_L-1_Havg.png,100,p10,otsu,0.9782008109871856,0.9859188672660661,0.018713546216541546,0.8457047234567177,0.893503488899487,0.14824831268264718
TCGA-KL-8345-01Z-00-DX1.e6265e77-7c45-4e54-a703-6d2013aba525_patches_images,conch,musk,*_L-1_Havg.png,100,p10,otsu,0.9846872339647449,0.9862659655617549,0.007828457464751724,0.9142901954563957,0.9265697467809774,0.05263554841613457
TCGA-KL-8345-01Z-00-DX1.e6265e77-7c45-4e54-a703-6d2013aba525_patches_images,conch,hoptimus,*_L-1_Havg.png,100,p10,otsu,0.9810328161181074,0.983435500551475,0.012567299158493465,0.8755678394701458,0.9167331309261435,0.11871383683083968
TCGA-KL-8345-01Z-00-DX1.e6265e77-7c45-4e54-a703-6d2013aba525_patches_images,musk,hoptimus,*_L-1_Havg.png,100,p10,otsu,0.9813885425624461,0.987994891155624,0.014080422395756137,0.8687196001824775,0.9163682986543953,0.11545444214219226
TCGA-KL-8346-01Z-00-DX1.af2fc9c2-98b7-471f-9777-08c7cc8c734e_patches_images,conch,musk,*_L-1_Havg.png,100,p10,otsu,0.9813878701823842,0.9831338530312219,0.010779409249319137,0.8708262237883734,0.9192658914609033,0.17494240498352248
TCGA-KL-8346-01Z-00-DX1.af2fc9c2-98b7-471f-9777-08c7cc8c734e_patches_images,conch,hoptimus,*_L-1_Havg.png,100,p10,otsu,0.9856342165332341,0.9869181737209296,0.008457216482610492,0.9196179696849944,0.9352698721354282,0.07017895142204959
TCGA-KL-8346-01Z-00-DX1.af2fc9c2-98b7-471f-9777-08c7cc8c734e_patches_images,musk,hoptimus,*_L-1_Havg.png,100,p10,otsu,0.9895816150319502,0.9919685259927005,0.007187188323688713,0.8559868879643724,0.9166929416802536,0.18389181509125055
TCGA-KM-8438-01Z-00-DX1.1106521B-3563-43AA-8971-18560BAC51C4_patches_images,conch,musk,*_L-1_Havg.png,100,p10,otsu,0.9886099429499171,0.9906518535815894,0.006680118306210777,0.9006996937292249,0.9140757092328156,0.05910445456319391
TCGA-KM-8438-01Z-00-DX1.1106521B-3563-43AA-8971-18560BAC51C4_patches_images,conch,hoptimus,*_L-1_Havg.png,100,p10,otsu,0.9779814195707033,0.983268339989601,0.015302099005093961,0.7850887567287255,0.8469782625330706,0.1605448765019727
TCGA-KM-8438-01Z-00-DX1.1106521B-3563-43AA-8971-18560BAC51C4_patches_images,musk,hoptimus,*_L-1_Havg.png,100,p10,otsu,0.980624191772129,0.9839553947879063,0.0128193447227238,0.7689427746271045,0.827801083499342,0.15707757564661867
TCGA-KM-8439-01Z-00-DX1.F99904A8-21AB-476A-BFE5-B8FAB44FEB4D_patches_images,conch,musk,*_L-1_Havg.png,100,p10,otsu,0.984485910177833,0.985714716439353,0.008746768024578367,0.9210629309213699,0.93090504615801,0.0429958793307982
TCGA-KM-8439-01Z-00-DX1.F99904A8-21AB-476A-BFE5-B8FAB44FEB4D_patches_images,conch,hoptimus,*_L-1_Havg.png,100,p10,otsu,0.9803100900716284,0.9838490390433363,0.015342376884575694,0.8687289059217743,0.9116651975866013,0.12395673984866576
TCGA-KM-8439-01Z-00-DX1.F99904A8-21AB-476A-BFE5-B8FAB44FEB4D_patches_images,musk,hoptimus,*_L-1_Havg.png,100,p10,otsu,0.9803168471307582,0.987907814538366,0.01842110009395804,0.8753901312497967,0.9264455152189266,0.12964828282627963
TCGA-KM-8440-01Z-00-DX1.528E053C-E8A4-464F-BE47-412836B1C31B_patches_images,conch,musk,*_L-1_Havg.png,100,p10,otsu,0.9842975628231855,0.9878040415017318,0.01095995279373647,0.9108756761265708,0.9321711667762544,0.06940360082667467
TCGA-KM-8440-01Z-00-DX1.528E053C-E8A4-464F-BE47-412836B1C31B_patches_images,conch,hoptimus,*_L-1_Havg.png,100,p10,otsu,0.9798722932905918,0.9836988049874303,0.013185451805374613,0.8369444500365101,0.8714237450707554,0.1252558386581403
TCGA-KM-8440-01Z-00-DX1.528E053C-E8A4-464F-BE47-412836B1C31B_patches_images,musk,hoptimus,*_L-1_Havg.png,100,p10,otsu,0.9797361359775644,0.9845369063207818,0.014705712133149647,0.8392971439339221,0.8859983267649785,0.12428032715110734
TCGA-KM-8441-01Z-00-DX1.D2CA0ADE-7EDF-49A6-989C-2761F1CFE340_patches_images,conch,musk,*_L-1_Havg.png,100,p10,otsu,0.9833306229415142,0.9836420854266048,0.00805333417712089,0.9412044508754781,0.9515118047019702,0.03893160996750888
TCGA-KM-8441-01Z-00-DX1.D2CA0ADE-7EDF-49A6-989C-2761F1CFE340_patches_images,conch,hoptimus,*_L-1_Havg.png,100,p10,otsu,0.979927545514262,0.9825899404385208,0.011520399049517186,0.9248117798646522,0.9419449631347037,0.05430822846516053
TCGA-KM-8441-01Z-00-DX1.D2CA0ADE-7EDF-49A6-989C-2761F1CFE340_patches_images,musk,hoptimus,*_L-1_Havg.png,100,p10,otsu,0.9822155547273423,0.9873206702017929,0.012661521280407269,0.9333379114301078,0.9548791037654951,0.05461186635545565
TCGA-KM-8442-01Z-00-DX1.46835CE2-819D-4887-9633-422BC9F5E366_patches_images,conch,musk,*_L-1_Havg.png,100,p10,otsu,0.9897386351987225,0.9919878001714348,0.006907746237503827,0.9317390399435298,0.9392240034989426,0.031094412414144956
TCGA-KM-8442-01Z-00-DX1.46835CE2-819D-4887-9633-422BC9F5E366_patches_images,conch,hoptimus,*_L-1_Havg.png,100,p10,otsu,0.9872254597139244,0.9905988497498517,0.009381273978582256,0.8987616654410627,0.9328835154864636,0.10263365961337241
TCGA-KM-8442-01Z-00-DX1.46835CE2-819D-4887-9633-422BC9F5E366_patches_images,musk,hoptimus,*_L-1_Havg.png,100,p10,otsu,0.9885611504406663,0.9928434872801915,0.009114571118160646,0.8864604984247557,0.9272334751086053,0.10166013133867405
TCGA-KM-8443-01Z-00-DX1.A97D876A-6453-4335-B805-C54529D3915F_patches_images,conch,musk,*_L-1_Havg.png,100,p10,otsu,0.9806279192915097,0.9830672113730314,0.011429148331569374,0.8902480111259774,0.9216781848131046,0.11642931036242453
TCGA-KM-8443-01Z-00-DX1.A97D876A-6453-4335-B805-C54529D3915F_patches_images,conch,hoptimus,*_L-1_Havg.png,100,p10,otsu,0.9725772270216808,0.9782425734849594,0.019881029920032448,0.8345500338078505,0.8764501733221886,0.1396179294268486
TCGA-KM-8443-01Z-00-DX1.A97D876A-6453-4335-B805-C54529D3915F_patches_images,musk,hoptimus,*_L-1_Havg.png,100,p10,otsu,0.9689687993883156,0.9772595353780986,0.025226338636747243,0.8449767600825622,0.904265919873376,0.1685679560484184
TCGA-KM-8476-01Z-00-DX1.BDC7C35E-1B36-4CF6-9CF0-B63C68724EF2_patches_images,conch,musk,*_L-1_Havg.png,100,p10,otsu,0.9884763126062809,0.9899021999257687,0.006594424707718968,0.925866208025833,0.9338106393773372,0.04052749435102049
TCGA-KM-8476-01Z-00-DX1.BDC7C35E-1B36-4CF6-9CF0-B63C68724EF2_patches_images,conch,hoptimus,*_L-1_Havg.png,100,p10,otsu,0.9857689463747328,0.9886223416020117,0.012513360252452392,0.8959620108132866,0.9345931194279967,0.11455949782000886
TCGA-KM-8476-01Z-00-DX1.BDC7C35E-1B36-4CF6-9CF0-B63C68724EF2_patches_images,musk,hoptimus,*_L-1_Havg.png,100,p10,otsu,0.9871614418139256,0.9918045105501924,0.012529264869697458,0.8827898704922275,0.9144780055571533,0.11037473263912538
TCGA-KM-8477-01Z-00-DX1.5419F74B-EE1C-47C3-A5A7-B22768E613A8_patches_images,conch,musk,*_L-1_Havg.png,100,p10,otsu,0.990385882802729,0.9913642290294931,0.00584542646215696,0.9088030442687355,0.9300420661233376,0.10346558458553068
TCGA-KM-8477-01Z-00-DX1.5419F74B-EE1C-47C3-A5A7-B22768E613A8_patches_images,conch,hoptimus,*_L-1_Havg.png,100,p10,otsu,0.9873850414405224,0.9904796877204763,0.010256217672919487,0.8716532478331834,0.9063252476207402,0.10746677544288591
TCGA-KM-8477-01Z-00-DX1.5419F74B-EE1C-47C3-A5A7-B22768E613A8_patches_images,musk,hoptimus,*_L-1_Havg.png,100,p10,otsu,0.9856189328428637,0.9904641284261655,0.012390799322003255,0.8423143665064081,0.8956874293966184,0.1378869236903927
TCGA-KM-8639-01Z-00-DX1.13E1C61C-16F6-4FC5-B1D2-DDBF7DE16639_patches_images,conch,musk,*_L-1_Havg.png,100,p10,otsu,0.9874664388994572,0.9902605972368999,0.013699669844558249,0.890316730378851,0.9107056489941245,0.0679239470673464
TCGA-KM-8639-01Z-00-DX1.13E1C61C-16F6-4FC5-B1D2-DDBF7DE16639_patches_images,conch,hoptimus,*_L-1_Havg.png,100,p10,otsu,0.9866204877996771,0.9884505562557351,0.011023662965836992,0.844157668939755,0.8684263765957763,0.1209716788988659
TCGA-KM-8639-01Z-00-DX1.13E1C61C-16F6-4FC5-B1D2-DDBF7DE16639_patches_images,musk,hoptimus,*_L-1_Havg.png,100,p10,otsu,0.9897027017435466,0.9926913968997446,0.007501494914851045,0.8553917612615993,0.9033194556039634,0.11833979903073037
TCGA-KM-A7QA-01Z-00-DX1.971BE7D3-6E83-44C9-AFC4-50FE85E9C982_patches_images,conch,musk,*_L-1_Havg.png,100,p10,otsu,0.9853419397184477,0.9921491582164002,0.01999520594732105,0.9260139925615596,0.9317020895109994,0.037401309600898935
TCGA-KM-A7QA-01Z-00-DX1.971BE7D3-6E83-44C9-AFC4-50FE85E9C982_patches_images,conch,hoptimus,*_L-1_Havg.png,100,p10,otsu,0.9851708938476768,0.9892129981512703,0.014770446102439137,0.8898146156385885,0.9156340415506767,0.09060687553857198
TCGA-KM-A7QA-01Z-00-DX1.971BE7D3-6E83-44C9-AFC4-50FE85E9C982_patches_images,musk,hoptimus,*_L-1_Havg.png,100,p10,otsu,0.990210536115844,0.9932366165419994,0.007887282349039786,0.8808113142045367,0.9126430123325449,0.09355114362023349
TCGA-KM-A7QB-01Z-00-DX1.CC441A0F-8A5C-4406-8A8D-86CB62E7B114_patches_images,conch,musk,*_L-1_Havg.png,100,p10,otsu,0.9864998839605625,0.9889745348960715,0.009248522193089987,0.8988836388014243,0.9273014282314593,0.07355723932581583
TCGA-KM-A7QB-01Z-00-DX1.CC441A0F-8A5C-4406-8A8D-86CB62E7B114_patches_images,conch,hoptimus,*_L-1_Havg.png,100,p10,otsu,0.9809882685157025,0.9847036733332077,0.014632996633470504,0.820773958188472,0.8713922485644685,0.1448442142384608
TCGA-KM-A7QB-01Z-00-DX1.CC441A0F-8A5C-4406-8A8D-86CB62E7B114_patches_images,musk,hoptimus,*_L-1_Havg.png,100,p10,otsu,0.9832674064937404,0.9905635120331,0.017162699573973615,0.8395476391511045,0.9056071042363207,0.1518968983408217
TCGA-KM-A7QC-01Z-00-DX1.4B44EEAA-FA1C-47F9-852F-68EE45E09D5E_patches_images,conch,musk,*_L-1_Havg.png,100,p10,otsu,0.9830900998527625,0.9882225669899412,0.01420640146988904,0.9189864483240193,0.9346975613897213,0.046612840442786845
TCGA-KM-A7QC-01Z-00-DX1.4B44EEAA-FA1C-47F9-852F-68EE45E09D5E_patches_images,conch,hoptimus,*_L-1_Havg.png,100,p10,otsu,0.975164777565589,0.9802031230360504,0.017752821669643967,0.8227923364762936,0.8875389990884496,0.16717088286874995
TCGA-KM-A7QC-01Z-00-DX1.4B44EEAA-FA1C-47F9-852F-68EE45E09D5E_patches_images,musk,hoptimus,*_L-1_Havg.png,100,p10,otsu,0.9778063460820106,0.9841486395872863,0.01779694892248584,0.8087464849893381,0.8811682617251789,0.16709247282019635
TCGA-KM-A7QD-01Z-00-DX1.E1FCB533-0017-4A90-9835-6CD26FEA30CA_patches_images,conch,musk,*_L-1_Havg.png,100,p10,otsu,0.9816249209607361,0.9860005805602885,0.014162664577894097,0.9335167669089403,0.9452712819969029,0.07236618854115821
TCGA-KM-A7QD-01Z-00-DX1.E1FCB533-0017-4A90-9835-6CD26FEA30CA_patches_images,conch,hoptimus,*_L-1_Havg.png,100,p10,otsu,0.9613320506661485,0.976163309023035,0.03925953933276897,0.8402822148239981,0.9055957681348212,0.17506741920821933
TCGA-KM-A7QD-01Z-00-DX1.E1FCB533-0017-4A90-9835-6CD26FEA30CA_patches_images,musk,hoptimus,*_L-1_Havg.png,100,p10,otsu,0.9513187654393589,0.9751168670285726,0.052572720168352315,0.8392969235401062,0.9062594858792445,0.17539962243935037
TCGA-KM-A7QE-01Z-00-DX1.82CBD529-FBB8-4969-A6E0-B563F0C9D73B_patches_images,conch,musk,*_L-1_Havg.png,100,p10,otsu,0.9915613209494184,0.9930820046097939,0.005175190692515047,0.9222809473563204,0.9241897404693207,0.04386279403370302
TCGA-KM-A7QE-01Z-00-DX1.82CBD529-FBB8-4969-A6E0-B563F0C9D73B_patches_images,conch,hoptimus,*_L-1_Havg.png,100,p10,otsu,0.9873313106037237,0.9927139330930126,0.014566289428132219,0.888912947765672,0.9075713249490667,0.08688224535617632
TCGA-KM-A7QE-01Z-00-DX1.82CBD529-FBB8-4969-A6E0-B563F0C9D73B_patches_images,musk,hoptimus,*_L-1_Havg.png,100,p10,otsu,0.9848811733095135,0.9916896820620338,0.019527406430533942,0.8723420128324884,0.8982005857813432,0.09160230930886878
TCGA-KM-A7QG-01Z-00-DX1.7275EEF1-1D4E-4471-89C3-5B99EC03515E_patches_images,conch,musk,*_L-1_Havg.png,100,p10,otsu,0.9857685701322998,0.990633968190473,0.01806530887663983,0.9232875129687524,0.930932254822612,0.038281763641506164
TCGA-KM-A7QG-01Z-00-DX1.7275EEF1-1D4E-4471-89C3-5B99EC03515E_patches_images,conch,hoptimus,*_L-1_Havg.png,100,p10,otsu,0.9838044835526191,0.9890195915098945,0.016380809112504908,0.8578522578141707,0.9126444339789364,0.13885689241007032
TCGA-KM-A7QG-01Z-00-DX1.7275EEF1-1D4E-4471-89C3-5B99EC03515E_patches_images,musk,hoptimus,*_L-1_Havg.png,100,p10,otsu,0.9874354839246782,0.9914967712452589,0.010807431377756955,0.8530005534994338,0.9130804897049185,0.14319710484629236
TCGA-KM-A7QH-01Z-00-DX1.8CBB8760-A00D-4289-AD09-959FEC2EC03C_patches_images,conch,musk,*_L-1_Havg.png,100,p10,otsu,0.9830405551478271,0.9863979820480773,0.011476461701855479,0.9366982510018592,0.9448126401140073,0.046387559871726936
TCGA-KM-A7QH-01Z-00-DX1.8CBB8760-A00D-4289-AD09-959FEC2EC03C_patches_images,conch,hoptimus,*_L-1_Havg.png,100,p10,otsu,0.9769035256645836,0.9831152775484286,0.02146117649622754,0.8951329248383302,0.9326328338236776,0.10941363987288358
TCGA-KM-A7QH-01Z-00-DX1.8CBB8760-A00D-4289-AD09-959FEC2EC03C_patches_images,musk,hoptimus,*_L-1_Havg.png,100,p10,otsu,0.9782040239086678,0.9911376489829982,0.027874200281173232,0.8994374256328093,0.9421130232859866,0.1129346317097515
TCGA-KM-A7QI-01Z-00-DX1.D5284A3E-891C-4750-BE93-C09C7F23C95C_patches_images,conch,musk,*_L-1_Havg.png,100,p10,otsu,0.9843760374228787,0.9895604962413344,0.017590235167631845,0.9278706865285337,0.9332246003475535,0.029226810106984042
TCGA-KM-A7QI-01Z-00-DX1.D5284A3E-891C-4750-BE93-C09C7F23C95C_patches_images,conch,hoptimus,*_L-1_Havg.png,100,p10,otsu,0.9829447526671008,0.9878340091057115,0.013981228901189122,0.8707480356608892,0.8879175930125847,0.08745599850933687
TCGA-KM-A7QI-01Z-00-DX1.D5284A3E-891C-4750-BE93-C09C7F23C95C_patches_images,musk,hoptimus,*_L-1_Havg.png,100,p10,otsu,0.9863586404109742,0.9902651648277128,0.010154319111127014,0.8534901322464247,0.8783404668313415,0.0942721653536318
TCGA-KM-A7QJ-01Z-00-DX1.5011C41F-4385-4AB2-8AFE-5409125EDC31_patches_images,conch,musk,*_L-1_Havg.png,100,p10,otsu,0.9853959832000422,0.9890633148395491,0.014541572831166385,0.9035013149785263,0.9264004942373569,0.06825142506269127
TCGA-KM-A7QJ-01Z-00-DX1.5011C41F-4385-4AB2-8AFE-5409125EDC31_patches_images,conch,hoptimus,*_L-1_Havg.png,100,p10,otsu,0.9807509946717804,0.9861156680877448,0.01730472134241302,0.8143069653082889,0.8685785142780788,0.15493074510196173
TCGA-KM-A7QJ-01Z-00-DX1.5011C41F-4385-4AB2-8AFE-5409125EDC31_patches_images,musk,hoptimus,*_L-1_Havg.png,100,p10,otsu,0.9834197793305428,0.9905152883579742,0.016263084875681635,0.8134365708214585,0.8712542375022191,0.15582827061120688
TCGA-KM-A7QK-01Z-00-DX1.8D69EA34-F28A-4267-8A82-159FB2B7008B_patches_images,conch,musk,*_L-1_Havg.png,100,p10,otsu,0.9857697835625738,0.988074253194158,0.009930354904128786,0.9279008445148605,0.93863252995968,0.04268640419281842
TCGA-KM-A7QK-01Z-00-DX1.8D69EA34-F28A-4267-8A82-159FB2B7008B_patches_images,conch,hoptimus,*_L-1_Havg.png,100,p10,otsu,0.9793426036306374,0.9835099905409632,0.01535160212352046,0.8524755043470897,0.9123775567680652,0.1472147177077661
TCGA-KM-A7QK-01Z-00-DX1.8D69EA34-F28A-4267-8A82-159FB2B7008B_patches_images,musk,hoptimus,*_L-1_Havg.png,100,p10,otsu,0.9793296522675109,0.9876275332753959,0.019125298726832454,0.8420333078097475,0.9090117581692991,0.14757763309717536
TCGA-KM-A7QL-01Z-00-DX1.2447532C-3635-4F36-952E-F5A5A566A7DB_patches_images,conch,musk,*_L-1_Havg.png,100,p10,otsu,0.9877091562778572,0.9901445004050988,0.00863493536325836,0.9097040742183532,0.9278693115243022,0.08096437795251146
TCGA-KM-A7QL-01Z-00-DX1.2447532C-3635-4F36-952E-F5A5A566A7DB_patches_images,conch,hoptimus,*_L-1_Havg.png,100,p10,otsu,0.9827356625939262,0.9876551400966795,0.01330476433456243,0.8484779683842686,0.9083704918365614,0.14236114628752786
TCGA-KM-A7QL-01Z-00-DX1.2447532C-3635-4F36-952E-F5A5A566A7DB_patches_images,musk,hoptimus,*_L-1_Havg.png,100,p10,otsu,0.9837656127698975,0.990077057596265,0.014332272856215926,0.8423786584320276,0.9048190608826481,0.15023794362326107
TCGA-KN-8418-01Z-00-DX1.376DD52D-EF98-4564-B8E3-FE4D219A5C88_patches_images,conch,musk,*_L-1_Havg.png,100,p10,otsu,0.9862760329571517,0.9884402378634531,0.007341364420415181,0.8584525925121956,0.8864611285857569,0.08153234436556417
TCGA-KN-8418-01Z-00-DX1.376DD52D-EF98-4564-B8E3-FE4D219A5C88_patches_images,conch,hoptimus,*_L-1_Havg.png,100,p10,otsu,0.9820181037678692,0.9841045219436484,0.01185420422611987,0.7730841103993995,0.8261351046086286,0.16060395463176005
TCGA-KN-8418-01Z-00-DX1.376DD52D-EF98-4564-B8E3-FE4D219A5C88_patches_images,musk,hoptimus,*_L-1_Havg.png,100,p10,otsu,0.9820708615408924,0.987957927907245,0.015567899782577605,0.7841336987543714,0.8524337268261325,0.17467986139177122
TCGA-KN-8419-01Z-00-DX1.15311E57-CCC5-4D15-88DC-0ED9FD2CF2D0_patches_images,conch,musk,*_L-1_Havg.png,100,p10,otsu,0.9824240505921107,0.9831798243563453,0.009139962448115435,0.8813679333172796,0.9057530065302672,0.07657551562071611
TCGA-KN-8419-01Z-00-DX1.15311E57-CCC5-4D15-88DC-0ED9FD2CF2D0_patches_images,conch,hoptimus,*_L-1_Havg.png,100,p10,otsu,0.9816062139799415,0.9830157958440544,0.010541158280457994,0.8205652291171596,0.8517250825961364,0.12288925671405619
TCGA-KN-8419-01Z-00-DX1.15311E57-CCC5-4D15-88DC-0ED9FD2CF2D0_patches_images,musk,hoptimus,*_L-1_Havg.png,100,p10,otsu,0.9833188156019239,0.9887246703405584,0.013998202941287887,0.8508701330297397,0.8896950477504122,0.12730368337265763
TCGA-KN-8421-01Z-00-DX1.A90EB3F7-DE68-4078-BB5B-B35561F96071_patches_images,conch,musk,*_L-1_Havg.png,100,p10,otsu,0.9853640333627063,0.9875743433374171,0.009088537369298702,0.9115807542201751,0.9280437211275956,0.05602212446723947
TCGA-KN-8421-01Z-00-DX1.A90EB3F7-DE68-4078-BB5B-B35561F96071_patches_images,conch,hoptimus,*_L-1_Havg.png,100,p10,otsu,0.9825049819087229,0.9845355914281017,0.01166843330756798,0.8335884972991514,0.8893571848524984,0.14738655282548488
TCGA-KN-8421-01Z-00-DX1.A90EB3F7-DE68-4078-BB5B-B35561F96071_patches_images,musk,hoptimus,*_L-1_Havg.png,100,p10,otsu,0.9831627890452931,0.9905785440692153,0.014631467323030247,0.8322065443450462,0.8918696411608642,0.14910604602758507
TCGA-KN-8422-01Z-00-DX1.26F9BF86-6D2C-4C99-BFEB-A3708AD48734_patches_images,conch,musk,*_L-1_Havg.png,100,p10,otsu,0.9875991874261062,0.989162880762403,0.00649993108310889,0.9239939263162202,0.9460172278741854,0.06753221133558501
TCGA-KN-8422-01Z-00-DX1.26F9BF86-6D2C-4C99-BFEB-A3708AD48734_patches_images,conch,hoptimus,*_L-1_Havg.png,100,p10,otsu,0.985187174303619,0.9867363869828376,0.00849257538906637,0.9076393832577029,0.9421879377063014,0.08333497408444984
TCGA-KN-8422-01Z-00-DX1.26F9BF86-6D2C-4C99-BFEB-A3708AD48734_patches_images,musk,hoptimus,*_L-1_Havg.png,100,p10,otsu,0.9855779649001516,0.9876038865218979,0.009655414264155462,0.9219075149439006,0.9560422462890366,0.08163114897955474
TCGA-KN-8423-01Z-00-DX1.EE5F8790-38EB-437F-9C5A-BC6FB58F6ACD_patches_images,conch,musk,*_L-1_Havg.png,100,p10,otsu,0.98800169155003,0.9883716225721184,0.007190046774059869,0.8878409908109274,0.902324273029185,0.06545036389660996
TCGA-KN-8423-01Z-00-DX1.EE5F8790-38EB-437F-9C5A-BC6FB58F6ACD_patches_images,conch,hoptimus,*_L-1_Havg.png,100,p10,otsu,0.9859893768435347,0.987533389382471,0.010531866546674332,0.8038950988479722,0.8552201973055719,0.15799110934441324
TCGA-KN-8423-01Z-00-DX1.EE5F8790-38EB-437F-9C5A-BC6FB58F6ACD_patches_images,musk,hoptimus,*_L-1_Havg.png,100,p10,otsu,0.9852142969786325,0.9895297599499575,0.013058764826364894,0.8099358951185148,0.8714588852175112,0.1619034652283991
TCGA-KN-8424-01Z-00-DX1.4EC063E2-A058-4610-9B47-FCE2172955B6_patches_images,conch,musk,*_L-1_Havg.png,100,p10,otsu,0.9868204485744398,0.9887963553270316,0.007882475523334256,0.8770351058777287,0.8995946027236297,0.09851454885515297
TCGA-KN-8424-01Z-00-DX1.4EC063E2-A058-4610-9B47-FCE2172955B6_patches_images,conch,hoptimus,*_L-1_Havg.png,100,p10,otsu,0.9848299656522166,0.9868235935722148,0.009613327670838358,0.8140749432039008,0.8648235180375661,0.14287325040471027
TCGA-KN-8424-01Z-00-DX1.4EC063E2-A058-4610-9B47-FCE2172955B6_patches_images,musk,hoptimus,*_L-1_Havg.png,100,p10,otsu,0.9834835373863032,0.987705591160813,0.014045751476282411,0.8064189815990115,0.8786277111730064,0.16150016776885143
TCGA-KN-8425-01Z-00-DX1.1D2AB7D2-6AC3-4785-9FBC-40AEED5DE558_patches_images,conch,musk,*_L-1_Havg.png,100,p10,otsu,0.9876276786148516,0.9889881403600389,0.008200043258962066,0.8914355416219163,0.9128857368500847,0.06958967846820763
TCGA-KN-8425-01Z-00-DX1.1D2AB7D2-6AC3-4785-9FBC-40AEED5DE558_patches_images,conch,hoptimus,*_L-1_Havg.png,100,p10,otsu,0.9877756766435833,0.9903594624080017,0.007889841732509478,0.8405968144629574,0.8968685098328049,0.13321143152741086
TCGA-KN-8425-01Z-00-DX1.1D2AB7D2-6AC3-4785-9FBC-40AEED5DE558_patches_images,musk,hoptimus,*_L-1_Havg.png,100,p10,otsu,0.988466141046171,0.9927211789188297,0.009385679632812503,0.8426727931066402,0.9026111828505845,0.1309412424367524
TCGA-KN-8426-01Z-00-DX1.FA31AC9B-A378-467E-97CB-7EFA06B804A1_patches_images,conch,musk,*_L-1_Havg.png,100,p10,otsu,0.9863181268940149,0.9882656636911393,0.007333613254810473,0.8962693207064406,0.917151753283244,0.07184179447053325
TCGA-KN-8426-01Z-00-DX1.FA31AC9B-A378-467E-97CB-7EFA06B804A1_patches_images,conch,hoptimus,*_L-1_Havg.png,100,p10,otsu,0.9850143529184392,0.9881716973431056,0.00994334235886456,0.8598845001061471,0.9025142570933344,0.1173086238491218
TCGA-KN-8426-01Z-00-DX1.FA31AC9B-A378-467E-97CB-7EFA06B804A1_patches_images,musk,hoptimus,*_L-1_Havg.png,100,p10,otsu,0.9866099724160579,0.991713728821604,0.012338906269136361,0.8778159875805787,0.9272222444776472,0.11389093251754426
TCGA-KN-8427-01Z-00-DX1.8B2A5B0B-977E-4ED9-A9D2-23FFFBA43B7C_patches_images,conch,musk,*_L-1_Havg.png,100,p10,otsu,0.9851767161063996,0.9874679269079303,0.008599462624709705,0.8915669957708913,0.9197062253337833,0.12462723083116364
TCGA-KN-8427-01Z-00-DX1.8B2A5B0B-977E-4ED9-A9D2-23FFFBA43B7C_patches_images,conch,hoptimus,*_L-1_Havg.png,100,p10,otsu,0.9872595141858792,0.9884468487228801,0.007288575591353066,0.883232115716792,0.9225695933362961,0.12080093061725396
TCGA-KN-8427-01Z-00-DX1.8B2A5B0B-977E-4ED9-A9D2-23FFFBA43B7C_patches_images,musk,hoptimus,*_L-1_Havg.png,100,p10,otsu,0.9872615269448552,0.990142575523174,0.009142622229194892,0.8487743328178584,0.900159103686731,0.15758898750455974
TCGA-KN-8428-01Z-00-DX1.CA71B178-286E-4EDF-9B37-1D2CEE07F9F4_patches_images,conch,musk,*_L-1_Havg.png,100,p10,otsu,0.9873646820174742,0.9888858848813972,0.006833776053973578,0.8996219997085941,0.9153893098077998,0.05345259623110844
TCGA-KN-8428-01Z-00-DX1.CA71B178-286E-4EDF-9B37-1D2CEE07F9F4_patches_images,conch,hoptimus,*_L-1_Havg.png,100,p10,otsu,0.9851901684286652,0.9878877389103438,0.01053393090332217,0.8515039849787291,0.889752934796249,0.12778585038797002
TCGA-KN-8428-01Z-00-DX1.CA71B178-286E-4EDF-9B37-1D2CEE07F9F4_patches_images,musk,hoptimus,*_L-1_Havg.png,100,p10,otsu,0.98634316941761,0.9920550563973676,0.012820613406360459,0.8561285559065179,0.9188036345777724,0.13066939025250118
TCGA-KN-8429-01Z-00-DX1.473181A7-5F6A-4B68-B6E0-44EF34F67DA0_patches_images,conch,musk,*_L-1_Havg.png,100,p10,otsu,0.9861526773759516,0.9892279956294701,0.008304231244593693,0.8857478830363276,0.9104269889124782,0.07626134535154025
TCGA-KN-8429-01Z-00-DX1.473181A7-5F6A-4B68-B6E0-44EF34F67DA0_patches_images,conch,hoptimus,*_L-1_Havg.png,100,p10,otsu,0.9859821453038373,0.9878551748133814,0.00830070747401874,0.8614008089596836,0.8907155905964752,0.11058788242683992
TCGA-KN-8429-01Z-00-DX1.473181A7-5F6A-4B68-B6E0-44EF34F67DA0_patches_images,musk,hoptimus,*_L-1_Havg.png,100,p10,otsu,0.9896721218808662,0.9927505307287483,0.007880181921558801,0.8806028955560185,0.9215102953081388,0.10407233921332855
TCGA-KN-8430-01Z-00-DX1.8192F868-A504-44E0-929B-7527EB37ECAB_patches_images,conch,musk,*_L-1_Havg.png,100,p10,otsu,0.9917720646066012,0.9931080841127795,0.004211841197832286,0.9054226408269354,0.9214336791590114,0.08405562169366916
TCGA-KN-8430-01Z-00-DX1.8192F868-A504-44E0-929B-7527EB37ECAB_patches_images,conch,hoptimus,*_L-1_Havg.png,100,p10,otsu,0.9896914482594983,0.9935739713171468,0.011968339938388188,0.874898670162505,0.9075457470362798,0.11305186083728086
TCGA-KN-8430-01Z-00-DX1.8192F868-A504-44E0-929B-7527EB37ECAB_patches_images,musk,hoptimus,*_L-1_Havg.png,100,p10,otsu,0.9895199668050342,0.99346044017469,0.012264412989517613,0.8428190159982101,0.8811831932016978,0.12864838179388843
TCGA-KN-8431-01Z-00-DX1.BAEA4392-5CD8-4B28-8A47-E9DCE88F5820_patches_images,conch,musk,*_L-1_Havg.png,100,p10,otsu,0.9869225982828574,0.9888288413590258,0.006972377997803338,0.8929552934566868,0.909932433186374,0.06699779148111781
TCGA-KN-8431-01Z-00-DX1.BAEA4392-5CD8-4B28-8A47-E9DCE88F5820_patches_images,conch,hoptimus,*_L-1_Havg.png,100,p10,otsu,0.986089051114131,0.9878755748998449,0.009063221449484382,0.8505179589336912,0.8875826346253299,0.12522794075727625
TCGA-KN-8431-01Z-00-DX1.BAEA4392-5CD8-4B28-8A47-E9DCE88F5820_patches_images,musk,hoptimus,*_L-1_Havg.png,100,p10,otsu,0.9868391768323223,0.9909485946402135,0.011000238238813983,0.8525565477686554,0.9052414904201347,0.12545137254571914
TCGA-KN-8432-01Z-00-DX1.D4136A31-C2DC-432C-96FB-FD5EE47ECC0D_patches_images,conch,musk,*_L-1_Havg.png,100,p10,otsu,0.9830182967040085,0.9840226094484031,0.008724227249897198,0.9024110821630457,0.9196992917421625,0.06269020178214714
TCGA-KN-8432-01Z-00-DX1.D4136A31-C2DC-432C-96FB-FD5EE47ECC0D_patches_images,conch,hoptimus,*_L-1_Havg.png,100,p10,otsu,0.9839383235738787,0.9845642292302419,0.008483173860447345,0.8976051047311363,0.9172012930835616,0.08268395384943517
TCGA-KN-8432-01Z-00-DX1.D4136A31-C2DC-432C-96FB-FD5EE47ECC0D_patches_images,musk,hoptimus,*_L-1_Havg.png,100,p10,otsu,0.9865485616147123,0.9899442309716993,0.009790335289820512,0.9068693276137018,0.9296002049392083,0.07375853893261465
TCGA-KN-8433-01Z-00-DX1.4AE64138-3E04-46AC-B905-52CB71261230_patches_images,conch,musk,*_L-1_Havg.png,100,p10,otsu,0.9874716255627705,0.9890324296413363,0.006795233524683495,0.8724237528307442,0.9016660834695445,0.0827234431402061
TCGA-KN-8433-01Z-00-DX1.4AE64138-3E04-46AC-B905-52CB71261230_patches_images,conch,hoptimus,*_L-1_Havg.png,100,p10,otsu,0.9865227671899127,0.9873863657872246,0.00814082532372274,0.8178548733561262,0.8476641167715457,0.12842728524394878
TCGA-KN-8433-01Z-00-DX1.4AE64138-3E04-46AC-B905-52CB71261230_patches_images,musk,hoptimus,*_L-1_Havg.png,100,p10,otsu,0.9875964267341522,0.9925044876240297,0.010270279794893913,0.8433346085006499,0.9000574978953167,0.12655547181189042
TCGA-KN-8434-01Z-00-DX1.EC2C42B5-DB0D-44A3-8224-E982201AE337_patches_images,conch,musk,*_L-1_Havg.png,100,p10,otsu,0.9880332436342603,0.9894806208725,0.006979011559384361,0.9087724007503176,0.9222340975013468,0.0618255599257109
TCGA-KN-8434-01Z-00-DX1.EC2C42B5-DB0D-44A3-8224-E982201AE337_patches_images,conch,hoptimus,*_L-1_Havg.png,100,p10,otsu,0.974823365156453,0.9780188327055162,0.01944554764036695,0.7916699380263146,0.8549772162612701,0.17947672891239977
TCGA-KN-8434-01Z-00-DX1.EC2C42B5-DB0D-44A3-8224-E982201AE337_patches_images,musk,hoptimus,*_L-1_Havg.png,100,p10,otsu,0.9712757573354629,0.9802135103760773,0.02307224773237471,0.7849255364979587,0.8608878069754228,0.18087518992043092
TCGA-KN-8435-01Z-00-DX1.99219621-93BA-448B-8AFE-AEECA888BDA4_patches_images,conch,musk,*_L-1_Havg.png,100,p10,otsu,0.9865024284268346,0.987979717620366,0.007742904061621212,0.889867582394862,0.9079977043547545,0.06985969231170737
TCGA-KN-8435-01Z-00-DX1.99219621-93BA-448B-8AFE-AEECA888BDA4_patches_images,conch,hoptimus,*_L-1_Havg.png,100,p10,otsu,0.9812822387530612,0.9857010929116838,0.015411329924529015,0.7926134279689233,0.8534534817036228,0.16532391907749097
TCGA-KN-8435-01Z-00-DX1.99219621-93BA-448B-8AFE-AEECA888BDA4_patches_images,musk,hoptimus,*_L-1_Havg.png,100,p10,otsu,0.9779397141047784,0.9840328570686132,0.018271814409799008,0.7719282882460747,0.8397149371626775,0.16735163279099036
TCGA-KN-8436-01Z-00-DX1.0CCCF11D-ED0E-4575-8F25-813415391524_patches_images,conch,musk,*_L-1_Havg.png,100,p10,otsu,0.9838352972516244,0.9845767518836841,0.00836474215134349,0.9386061499937166,0.9442886115162719,0.030968423595791647
TCGA-KN-8436-01Z-00-DX1.0CCCF11D-ED0E-4575-8F25-813415391524_patches_images,conch,hoptimus,*_L-1_Havg.png,100,p10,otsu,0.9767292673599222,0.9815785215117789,0.016789237906615673,0.8731712421981687,0.9150542051781264,0.13094650238137776
TCGA-KN-8436-01Z-00-DX1.0CCCF11D-ED0E-4575-8F25-813415391524_patches_images,musk,hoptimus,*_L-1_Havg.png,100,p10,otsu,0.9754754860469136,0.9838964960365036,0.02084966845935478,0.8640320347054694,0.9074057656608064,0.13219506116691854
TCGA-KN-8437-01Z-00-DX1.573F2559-097F-4A87-9AB6-55BF2FEB724F_patches_images,conch,musk,*_L-1_Havg.png,100,p10,otsu,0.9869642341797943,0.987584012089112,0.007267256304138643,0.8895769695885031,0.9080462659100219,0.06653992646995992
TCGA-KN-8437-01Z-00-DX1.573F2559-097F-4A87-9AB6-55BF2FEB724F_patches_images,conch,hoptimus,*_L-1_Havg.png,100,p10,otsu,0.9861433142443485,0.9874476719239265,0.008593986990922942,0.8575278373621237,0.9128425617991609,0.12659465208842127
TCGA-KN-8437-01Z-00-DX1.573F2559-097F-4A87-9AB6-55BF2FEB724F_patches_images,musk,hoptimus,*_L-1_Havg.png,100,p10,otsu,0.9870363344722827,0.991503304700273,0.009955832808604015,0.8616371248620983,0.9141202405834459,0.12178408961671547
TCGA-KO-8403-01Z-00-DX1.47C5A937-3397-4313-BE8B-0C6E4B12C301_patches_images,conch,musk,*_L-1_Havg.png,100,p10,otsu,0.9864791605614023,0.9879674451561503,0.007730362374829661,0.9084310854249524,0.9253179555188378,0.054530944689442654
TCGA-KO-8403-01Z-00-DX1.47C5A937-3397-4313-BE8B-0C6E4B12C301_patches_images,conch,hoptimus,*_L-1_Havg.png,100,p10,otsu,0.9837387348434143,0.987406669829993,0.012355346139323336,0.8410392249162301,0.904738371719259,0.14776795041746482
TCGA-KO-8403-01Z-00-DX1.47C5A937-3397-4313-BE8B-0C6E4B12C301_patches_images,musk,hoptimus,*_L-1_Havg.png,100,p10,otsu,0.9831483860135184,0.9899731957812021,0.016316112542019284,0.8435598062808789,0.9152286992009242,0.14883389246484807
TCGA-KO-8404-01Z-00-DX1.0285FDDF-1C75-4DF3-BD59-285870B73B88_patches_images,conch,musk,*_L-1_Havg.png,100,p10,otsu,0.985068982583563,0.9867072869066643,0.008835061739734609,0.9101667294996407,0.932460661611672,0.05794596683682621
TCGA-KO-8404-01Z-00-DX1.0285FDDF-1C75-4DF3-BD59-285870B73B88_patches_images,conch,hoptimus,*_L-1_Havg.png,100,p10,otsu,0.9843402756812649,0.9858447871579783,0.011618918213709811,0.88474436483689,0.9164572647563196,0.10256141390075706
TCGA-KO-8404-01Z-00-DX1.0285FDDF-1C75-4DF3-BD59-285870B73B88_patches_images,musk,hoptimus,*_L-1_Havg.png,100,p10,otsu,0.9858265336968768,0.9913070098964654,0.013232396956611518,0.8878581069340729,0.9256850705251707,0.10316794298007331
TCGA-KO-8405-01Z-00-DX1.DB2F9FFE-B562-4D52-A4DF-E939DE99B5F7_patches_images,conch,musk,*_L-1_Havg.png,100,p10,otsu,0.9873067415016391,0.990788011858817,0.011054014735698722,0.9092208590068744,0.9226304886391179,0.06487652524415995
TCGA-KO-8405-01Z-00-DX1.DB2F9FFE-B562-4D52-A4DF-E939DE99B5F7_patches_images,conch,hoptimus,*_L-1_Havg.png,100,p10,otsu,0.9852517073081494,0.9885346980169212,0.011643250000173156,0.8487738213092281,0.9051883298362473,0.1344468862036399
TCGA-KO-8405-01Z-00-DX1.DB2F9FFE-B562-4D52-A4DF-E939DE99B5F7_patches_images,musk,hoptimus,*_L-1_Havg.png,100,p10,otsu,0.9861867096210745,0.9914972511048288,0.012661126072183976,0.8292187667046079,0.8946591316008548,0.14374666226294508
TCGA-KO-8406-01Z-00-DX1.F9FDAB2C-9EEC-41D0-A29C-530107B96AC2_patches_images,conch,musk,*_L-1_Havg.png,100,p10,otsu,0.9833319806408888,0.9854501790311917,0.009734920681627117,0.9026649260619496,0.9475608373508098,0.16365274180589517
TCGA-KO-8406-01Z-00-DX1.F9FDAB2C-9EEC-41D0-A29C-530107B96AC2_patches_images,conch,hoptimus,*_L-1_Havg.png,100,p10,otsu,0.9828416140793876,0.9852804138303727,0.011192854630334271,0.9078133779443971,0.9468112599526355,0.10872925442956613
TCGA-KO-8406-01Z-00-DX1.F9FDAB2C-9EEC-41D0-A29C-530107B96AC2_patches_images,musk,hoptimus,*_L-1_Havg.png,100,p10,otsu,0.9842523988289024,0.989902102936193,0.014519907183627632,0.8649355198591262,0.9419516557464535,0.18851540280960696
TCGA-KO-8407-01Z-00-DX1.4EB39EA8-2A33-48E1-88A6-EE3B544249AB_patches_images,conch,musk,*_L-1_Havg.png,100,p10,otsu,0.9849328853568977,0.9866402813445516,0.008378457841126986,0.9146833332412683,0.9348856014770925,0.05507033364279502
TCGA-KO-8407-01Z-00-DX1.4EB39EA8-2A33-48E1-88A6-EE3B544249AB_patches_images,conch,hoptimus,*_L-1_Havg.png,100,p10,otsu,0.9740207158130038,0.9822829604051491,0.022344563242931752,0.8063067542279662,0.8912764453119878,0.18051160029709998
TCGA-KO-8407-01Z-00-DX1.4EB39EA8-2A33-48E1-88A6-EE3B544249AB_patches_images,musk,hoptimus,*_L-1_Havg.png,100,p10,otsu,0.9705421085735751,0.9853357923338915,0.027895402972220172,0.8086107356135205,0.9006265177728772,0.18564645841835434
TCGA-KO-8409-01Z-00-DX1.C73F6879-81C2-4D2D-9673-4989AADB568D_patches_images,conch,musk,*_L-1_Havg.png,100,p10,otsu,0.9837154840878182,0.9846876586653865,0.008100377847519966,0.8987259006551679,0.9220175967274062,0.06803488840442637
TCGA-KO-8409-01Z-00-DX1.C73F6879-81C2-4D2D-9673-4989AADB568D_patches_images,conch,hoptimus,*_L-1_Havg.png,100,p10,otsu,0.9748123402646879,0.9775286507338052,0.01596995087751011,0.8250915948315067,0.8774401787433327,0.15567179998978498
TCGA-KO-8409-01Z-00-DX1.C73F6879-81C2-4D2D-9673-4989AADB568D_patches_images,musk,hoptimus,*_L-1_Havg.png,100,p10,otsu,0.9782407998537296,0.9859940044511455,0.018740886399820633,0.834595132494931,0.9066770286709398,0.16511820766296137
TCGA-KO-8410-01Z-00-DX1.95A5FA25-6C01-478E-8CAB-20DF56E8D01C_patches_images,conch,musk,*_L-1_Havg.png,100,p10,otsu,0.9774815748841106,0.9795331580452769,0.01343611094934484,0.8224579431447127,0.8865677882317444,0.15733314673600202
TCGA-KO-8410-01Z-00-DX1.95A5FA25-6C01-478E-8CAB-20DF56E8D01C_patches_images,conch,hoptimus,*_L-1_Havg.png,100,p10,otsu,0.9792461718649887,0.9817338472460939,0.012964257807952982,0.7596706015489032,0.8159885946612084,0.18025919145873948
TCGA-KO-8410-01Z-00-DX1.95A5FA25-6C01-478E-8CAB-20DF56E8D01C_patches_images,musk,hoptimus,*_L-1_Havg.png,100,p10,otsu,0.9751898344253064,0.9837658879294183,0.02108345368239028,0.8109287951499904,0.8996264310817212,0.18458634212882766
TCGA-KO-8411-01Z-00-DX1.57A47A81-003C-4F34-B8FA-D1313114892F_patches_images,conch,musk,*_L-1_Havg.png,100,p10,otsu,0.9918050296106824,0.9938237740938627,0.0059568047345782815,0.9210770802590399,0.9255061800586586,0.030729221740451722
TCGA-KO-8411-01Z-00-DX1.57A47A81-003C-4F34-B8FA-D1313114892F_patches_images,conch,hoptimus,*_L-1_Havg.png,100,p10,otsu,0.9884551156633637,0.9911855940578606,0.010298295031248498,0.8395417118712544,0.8861225697197996,0.1389964818470663
TCGA-KO-8411-01Z-00-DX1.57A47A81-003C-4F34-B8FA-D1313114892F_patches_images,musk,hoptimus,*_L-1_Havg.png,100,p10,otsu,0.9867645548491579,0.991932147144692,0.013267318693723218,0.8172633395895567,0.8797129942133779,0.14167337834814828
TCGA-KO-8413-01Z-00-DX1.592BC1BB-35B9-4CE1-ACD2-76DD4C4FE7A4_patches_images,conch,musk,*_L-1_Havg.png,100,p10,otsu,0.9857930333131018,0.9872696039289579,0.009717264449722375,0.896117756394751,0.9218469430130339,0.07108273027818811
TCGA-KO-8413-01Z-00-DX1.592BC1BB-35B9-4CE1-ACD2-76DD4C4FE7A4_patches_images,conch,hoptimus,*_L-1_Havg.png,100,p10,otsu,0.9814419126530981,0.9854022080938567,0.012912485478027402,0.8066117099327371,0.854821490124255,0.15915793554624327
TCGA-KO-8413-01Z-00-DX1.592BC1BB-35B9-4CE1-ACD2-76DD4C4FE7A4_patches_images,musk,hoptimus,*_L-1_Havg.png,100,p10,otsu,0.9828315351145294,0.9882882132012395,0.014111935917636768,0.8085201597908764,0.8849926978223256,0.16860383987510233
TCGA-KO-8414-01Z-00-DX1.F827AA8C-3A50-4697-9788-98A3D87BCE52_patches_images,conch,musk,*_L-1_Havg.png,100,p10,otsu,0.9826616368341825,0.9859583981518334,0.014084059094636735,0.8818461944447796,0.9118331934254593,0.09439067761593713
TCGA-KO-8414-01Z-00-DX1.F827AA8C-3A50-4697-9788-98A3D87BCE52_patches_images,conch,hoptimus,*_L-1_Havg.png,100,p10,otsu,0.9786376440278943,0.9849562452616625,0.019610164942444327,0.8327689514274911,0.8709252990291771,0.13010930303385868
TCGA-KO-8414-01Z-00-DX1.F827AA8C-3A50-4697-9788-98A3D87BCE52_patches_images,musk,hoptimus,*_L-1_Havg.png,100,p10,otsu,0.9851809105508302,0.991516317471338,0.013640956855872537,0.8599912964328855,0.9017834250705155,0.12327811951873834
TCGA-KO-8415-01Z-00-DX1.CB5F5330-C4E6-4ABB-B9A5-92F94EF23837_patches_images,conch,musk,*_L-1_Havg.png,100,p10,otsu,0.9870924890640603,0.9882853119259495,0.0071701377205858645,0.8866996350059463,0.9191192812842837,0.08277411462265175
TCGA-KO-8415-01Z-00-DX1.CB5F5330-C4E6-4ABB-B9A5-92F94EF23837_patches_images,conch,hoptimus,*_L-1_Havg.png,100,p10,otsu,0.9861626331034762,0.9878103096869969,0.008244639786779934,0.821774409560571,0.8589267443309486,0.13517755722089586
TCGA-KO-8415-01Z-00-DX1.CB5F5330-C4E6-4ABB-B9A5-92F94EF23837_patches_images,musk,hoptimus,*_L-1_Havg.png,100,p10,otsu,0.9873848091048836,0.9925699180357823,0.011092898591943814,0.8364747666815414,0.8960550763731872,0.13427091987229697
TCGA-KO-8416-01Z-00-DX1.AA58FA3E-02A6-4696-A4F6-2B11C5B0C0E8_patches_images,conch,musk,*_L-1_Havg.png,100,p10,otsu,0.9877693925235586,0.9906415165457572,0.009147625127198897,0.9009655583786236,0.9375776685024856,0.1495716741800757
TCGA-KO-8416-01Z-00-DX1.AA58FA3E-02A6-4696-A4F6-2B11C5B0C0E8_patches_images,conch,hoptimus,*_L-1_Havg.png,100,p10,otsu,0.9766884234507954,0.9852248887311512,0.020388251068219593,0.8430755538640688,0.8868203310219573,0.14274684940619498
TCGA-KO-8416-01Z-00-DX1.AA58FA3E-02A6-4696-A4F6-2B11C5B0C0E8_patches_images,musk,hoptimus,*_L-1_Havg.png,100,p10,otsu,0.973933928417728,0.9847865318159943,0.024560077237287866,0.8197626097167757,0.8863997346708419,0.17360541887780578
TCGA-KO-8417-01Z-00-DX1.E145D87F-24DC-4336-98BD-2D142079D73D_patches_images,conch,musk,*_L-1_Havg.png,100,p10,otsu,0.9874185155283033,0.9896410007902229,0.007864784456825619,0.8850271727926295,0.9189755332867307,0.10262045856495232
TCGA-KO-8417-01Z-00-DX1.E145D87F-24DC-4336-98BD-2D142079D73D_patches_images,conch,hoptimus,*_L-1_Havg.png,100,p10,otsu,0.9771936664942454,0.9841798893451624,0.018296923550758164,0.7412807969510431,0.8132539471565452,0.19866924452936569
TCGA-KO-8417-01Z-00-DX1.E145D87F-24DC-4336-98BD-2D142079D73D_patches_images,musk,hoptimus,*_L-1_Havg.png,100,p10,otsu,0.9777330536152888,0.9875431817848167,0.02039840655265355,0.7548535266052836,0.843122146093048,0.2001992718987242
TCGA-NP-A5B3-01Z-00-DX1.6DE4C2C4-E135-4117-864D-2A477D6FDB86_patches_images,conch,musk,*_L-1_Havg.png,100,p10,otsu,0.9862003810602025,0.9883759653191965,0.007990415414963497,0.9229968586316185,0.9410038860297713,0.10359410201065691
TCGA-NP-A5B3-01Z-00-DX1.6DE4C2C4-E135-4117-864D-2A477D6FDB86_patches_images,conch,hoptimus,*_L-1_Havg.png,100,p10,otsu,0.9811799556580588,0.9828299070055828,0.011577078831296533,0.9022555380849876,0.9288132083946927,0.08929062283720207
TCGA-NP-A5B3-01Z-00-DX1.6DE4C2C4-E135-4117-864D-2A477D6FDB86_patches_images,musk,hoptimus,*_L-1_Havg.png,100,p10,otsu,0.9779586294970081,0.9826521604527663,0.015858923586041487,0.8703256291855389,0.9030569881890852,0.12812602896608893
TCGA-NP-A5GY-01Z-00-DX1.F405475A-B246-42FB-8380-8953B328193E_patches_images,conch,musk,*_L-1_Havg.png,100,p10,otsu,0.9858550071383736,0.9882062869259314,0.008061859669586512,0.9253836720439924,0.9410528879165607,0.09736519117550155
TCGA-NP-A5GY-01Z-00-DX1.F405475A-B246-42FB-8380-8953B328193E_patches_images,conch,hoptimus,*_L-1_Havg.png,100,p10,otsu,0.9825958504359142,0.9848390696920087,0.010622268274518407,0.9186833563779886,0.9419010312198393,0.06841917856979289
TCGA-NP-A5GY-01Z-00-DX1.F405475A-B246-42FB-8380-8953B328193E_patches_images,musk,hoptimus,*_L-1_Havg.png,100,p10,otsu,0.9819630482852361,0.9866123622318966,0.012841775894873633,0.902953368355264,0.9507895376265816,0.12087207407353015
TCGA-NP-A5GZ-01Z-00-DX1.07B19B85-A1CE-4AF2-B3E2-C86D11FAC907_patches_images,conch,musk,*_L-1_Havg.png,100,p10,otsu,0.9864845449055231,0.9888356932357233,0.009299244890898777,0.9060470715640414,0.9210985611434666,0.05796807133333162
TCGA-NP-A5GZ-01Z-00-DX1.07B19B85-A1CE-4AF2-B3E2-C86D11FAC907_patches_images,conch,hoptimus,*_L-1_Havg.png,100,p10,otsu,0.9816669973053515,0.9853965707374186,0.01511059942464042,0.8656897012809828,0.8971127448673661,0.10538264010162912
TCGA-NP-A5GZ-01Z-00-DX1.07B19B85-A1CE-4AF2-B3E2-C86D11FAC907_patches_images,musk,hoptimus,*_L-1_Havg.png,100,p10,otsu,0.9810088822960559,0.9867483778768101,0.016908078256523393,0.8700260384824123,0.9009652020940598,0.10773042761991353
TCGA-NP-A5H1-01Z-00-DX1.ABF28359-B224-4C36-9217-C6DB90692848_patches_images,conch,musk,*_L-1_Havg.png,100,p10,otsu,0.9854957163459679,0.9881739111050365,0.009113601841994378,0.9064284027045965,0.9309713220072429,0.0742807073056533
TCGA-NP-A5H1-01Z-00-DX1.ABF28359-B224-4C36-9217-C6DB90692848_patches_images,conch,hoptimus,*_L-1_Havg.png,100,p10,otsu,0.9802670794492737,0.9845587618168716,0.014555951805851994,0.8350514609300095,0.8810143144598288,0.14013423052089616
TCGA-NP-A5H1-01Z-00-DX1.ABF28359-B224-4C36-9217-C6DB90692848_patches_images,musk,hoptimus,*_L-1_Havg.png,100,p10,otsu,0.9815740123018262,0.9895021579447725,0.01857588592077156,0.8554070561558238,0.9208216909027559,0.1442905894451951
TCGA-NP-A5H5-01Z-00-DX1.E6434A29-9182-4476-9E89-62B9C8EABC5B_patches_images,conch,musk,*_L-1_Havg.png,100,p10,otsu,0.9849306022083204,0.9854904744098187,0.0082191415923072,0.891832859908253,0.9070095744155309,0.06642262861702301
TCGA-NP-A5H5-01Z-00-DX1.E6434A29-9182-4476-9E89-62B9C8EABC5B_patches_images,conch,hoptimus,*_L-1_Havg.png,100,p10,otsu,0.9828567048743121,0.9856701149562405,0.01194760785708187,0.8535923966440423,0.8905450704231681,0.11865169842396889
TCGA-NP-A5H5-01Z-00-DX1.E6434A29-9182-4476-9E89-62B9C8EABC5B_patches_images,musk,hoptimus,*_L-1_Havg.png,100,p10,otsu,0.9830704072539086,0.9898690664943175,0.015241427631262124,0.873396617889865,0.9138030694982316,0.11453143928445578
TCGA-NP-A5H6-01Z-00-DX1.49B2A361-7BCD-4321-8372-8BAB636E812F_patches_images,conch,musk,*_L-1_Havg.png,100,p10,otsu,0.9798871754705432,0.9827043027563924,0.01373452592641237,0.7162354487522127,0.9047218914218456,0.30600065316537806
TCGA-NP-A5H6-01Z-00-DX1.49B2A361-7BCD-4321-8372-8BAB636E812F_patches_images,conch,hoptimus,*_L-1_Havg.png,100,p10,otsu,0.9615735693773769,0.9667136024244043,0.025029039713043582,0.7966086180222005,0.8514698379542801,0.1686830400854016
TCGA-NP-A5H6-01Z-00-DX1.49B2A361-7BCD-4321-8372-8BAB636E812F_patches_images,musk,hoptimus,*_L-1_Havg.png,100,p10,otsu,0.9511365828092724,0.9556189900064899,0.033339453999286485,0.6371735133432616,0.7125711671947679,0.25184886610300145
TCGA-NP-A5H7-01Z-00-DX1.3AEF89FD-4E13-433C-85D8-C8F9F9EA9EF3_patches_images,conch,musk,*_L-1_Havg.png,100,p10,otsu,0.9859730373843607,0.987819904258818,0.00782062841432082,0.9029086061168567,0.9195514975561729,0.059663016572467524
TCGA-NP-A5H7-01Z-00-DX1.3AEF89FD-4E13-433C-85D8-C8F9F9EA9EF3_patches_images,conch,hoptimus,*_L-1_Havg.png,100,p10,otsu,0.980070585123741,0.9832855927929935,0.01454389539421505,0.8258026300993984,0.8667225166578376,0.13768955214106451
TCGA-NP-A5H7-01Z-00-DX1.3AEF89FD-4E13-433C-85D8-C8F9F9EA9EF3_patches_images,musk,hoptimus,*_L-1_Havg.png,100,p10,otsu,0.9785797576270063,0.9871459918866877,0.018819499233955813,0.8300800960872898,0.8945354096175065,0.14623658507918516
TCGA-UW-A72I-01Z-00-DX1.EAA44029-3390-4AEF-8B86-E4A1F64E486C_patches_images,conch,musk,*_L-1_Havg.png,100,p10,otsu,0.987714530384254,0.9893049063251231,0.007770097515341605,0.9104894306402987,0.9306945672917395,0.06320664401809196
TCGA-UW-A72I-01Z-00-DX1.EAA44029-3390-4AEF-8B86-E4A1F64E486C_patches_images,conch,hoptimus,*_L-1_Havg.png,100,p10,otsu,0.9807045115048995,0.9840346839155483,0.012776412108266558,0.8089487454855615,0.8679807119965739,0.15106491482864629
TCGA-UW-A72I-01Z-00-DX1.EAA44029-3390-4AEF-8B86-E4A1F64E486C_patches_images,musk,hoptimus,*_L-1_Havg.png,100,p10,otsu,0.9796463454487534,0.986638046544488,0.0165958228905677,0.8082495712809468,0.87827562060177,0.1604847425817671
TCGA-UW-A72J-01Z-00-DX1.B62772BA-DC29-40C9-B5C8-AC47AFA0437D_patches_images,conch,musk,*_L-1_Havg.png,100,p10,otsu,0.9877492250741342,0.9887253154881579,0.006900010762816839,0.8880416744349584,0.9065567230299006,0.06810490972341061
TCGA-UW-A72J-01Z-00-DX1.B62772BA-DC29-40C9-B5C8-AC47AFA0437D_patches_images,conch,hoptimus,*_L-1_Havg.png,100,p10,otsu,0.987575569749651,0.9890848315310563,0.008085028597243703,0.8300859410404073,0.8597515690168651,0.11634810782328517
TCGA-UW-A72J-01Z-00-DX1.B62772BA-DC29-40C9-B5C8-AC47AFA0437D_patches_images,musk,hoptimus,*_L-1_Havg.png,100,p10,otsu,0.9869646676249492,0.9904520613179145,0.009264162695094889,0.8303937471007462,0.8821316006053677,0.11502036218813708
TCGA-UW-A72K-01Z-00-DX1.F1E38D60-26AA-4D0E-8738-7711611D10D6_patches_images,conch,musk,*_L-1_Havg.png,100,p10,otsu,0.9848208889399437,0.9856335707019803,0.008699268839869628,0.90163138229306,0.9167760768512377,0.057679566092678776
TCGA-UW-A72K-01Z-00-DX1.F1E38D60-26AA-4D0E-8738-7711611D10D6_patches_images,conch,hoptimus,*_L-1_Havg.png,100,p10,otsu,0.9831894694359401,0.9848948438624621,0.010002918790982078,0.8047764175584939,0.8541674312745309,0.142542221762119
TCGA-UW-A72K-01Z-00-DX1.F1E38D60-26AA-4D0E-8738-7711611D10D6_patches_images,musk,hoptimus,*_L-1_Havg.png,100,p10,otsu,0.9827997438121951,0.9886230409620005,0.014254073815767645,0.8010743219094327,0.8579002803096679,0.15111153482756245
TCGA-UW-A72L-01Z-00-DX1.0A459BE8-D799-441D-85C0-B02AF6EDC806_patches_images,conch,musk,*_L-1_Havg.png,100,p10,otsu,0.983259844904465,0.9851040803224448,0.011458963518331184,0.8629889816868764,0.9170662060892878,0.16300560003153944
TCGA-UW-A72L-01Z-00-DX1.0A459BE8-D799-441D-85C0-B02AF6EDC806_patches_images,conch,hoptimus,*_L-1_Havg.png,100,p10,otsu,0.977667764165247,0.9818642727740151,0.017844523610500065,0.8513570966101418,0.9063664381072072,0.14740264747897663
TCGA-UW-A72L-01Z-00-DX1.0A459BE8-D799-441D-85C0-B02AF6EDC806_patches_images,musk,hoptimus,*_L-1_Havg.png,100,p10,otsu,0.9787101791172981,0.987797133338479,0.020986879876518195,0.8514721004094522,0.9192370064437949,0.18843397068783088
TCGA-UW-A72M-01Z-00-DX1.D2F473F4-24A1-4F02-B02E-C5A0390F0C8F_patches_images,conch,musk,*_L-1_Havg.png,100,p10,otsu,0.9853998477892936,0.9870598973393265,0.009700160804330884,0.8990633699744673,0.9095731928631194,0.06053960264337471
TCGA-UW-A72M-01Z-00-DX1.D2F473F4-24A1-4F02-B02E-C5A0390F0C8F_patches_images,conch,hoptimus,*_L-1_Havg.png,100,p10,otsu,0.9799952061947637,0.9846422456241434,0.013546429933170916,0.8139759355962428,0.8712869582937544,0.14216227746045945
TCGA-UW-A72M-01Z-00-DX1.D2F473F4-24A1-4F02-B02E-C5A0390F0C8F_patches_images,musk,hoptimus,*_L-1_Havg.png,100,p10,otsu,0.9808635141433644,0.9892145809089801,0.016817028060610327,0.8261830804008002,0.8911987085268823,0.15387715561240647
TCGA-UW-A72N-01Z-00-DX1.458F977B-AA32-4073-BDC6-FCAD44C6B83D_patches_images,conch,musk,*_L-1_Havg.png,100,p10,otsu,0.9887711411916336,0.9903076683131268,0.006603204392149436,0.8984071090456004,0.9151064869356708,0.06662917580693158
TCGA-UW-A72N-01Z-00-DX1.458F977B-AA32-4073-BDC6-FCAD44C6B83D_patches_images,conch,hoptimus,*_L-1_Havg.png,100,p10,otsu,0.9858747069384397,0.9878493448512048,0.00827554875268028,0.8267069490456962,0.8749387788741325,0.12546990574080247
TCGA-UW-A72N-01Z-00-DX1.458F977B-AA32-4073-BDC6-FCAD44C6B83D_patches_images,musk,hoptimus,*_L-1_Havg.png,100,p10,otsu,0.9862158392766189,0.9905083629340468,0.01122303806338174,0.8373240513953683,0.8997693187553276,0.13329773813759663
TCGA-UW-A72O-01Z-00-DX1.755C4693-A9CE-48E7-A76B-DAECEE850D35_patches_images,conch,musk,*_L-1_Havg.png,100,p10,otsu,0.987182300914827,0.989767483627521,0.00851487059821237,0.886079004872378,0.9144123959572157,0.08762211300458429
TCGA-UW-A72O-01Z-00-DX1.755C4693-A9CE-48E7-A76B-DAECEE850D35_patches_images,conch,hoptimus,*_L-1_Havg.png,100,p10,otsu,0.9844354017482737,0.987467980924282,0.010595505040186819,0.818830857575408,0.8576189505189993,0.1366500309327067
TCGA-UW-A72O-01Z-00-DX1.755C4693-A9CE-48E7-A76B-DAECEE850D35_patches_images,musk,hoptimus,*_L-1_Havg.png,100,p10,otsu,0.9849458768476853,0.9907662702911904,0.01315569064456227,0.8304290653045575,0.8782412873208114,0.13782330601300047
TCGA-UW-A72P-01Z-00-DX1.B16A8F4B-6E8E-4642-AEEF-EBD0613C372D_patches_images,conch,musk,*_L-1_Havg.png,100,p10,otsu,0.987626021153127,0.9886526433964337,0.007235180350330364,0.904134658076931,0.9263619090687124,0.07100432621564326
TCGA-UW-A72P-01Z-00-DX1.B16A8F4B-6E8E-4642-AEEF-EBD0613C372D_patches_images,conch,hoptimus,*_L-1_Havg.png,100,p10,otsu,0.9832793670678012,0.9872587641827086,0.014511013770971578,0.8432493454394688,0.8981993378477668,0.13869230347858394
TCGA-UW-A72P-01Z-00-DX1.B16A8F4B-6E8E-4642-AEEF-EBD0613C372D_patches_images,musk,hoptimus,*_L-1_Havg.png,100,p10,otsu,0.9827416020760424,0.9901970540676146,0.017331735733507003,0.8558304642675296,0.9138570561966647,0.135467737176905
TCGA-UW-A72Q-01Z-00-DX1.6EEF0E01-E576-4DCA-B613-451D0079EB13_patches_images,conch,musk,*_L-1_Havg.png,100,p10,otsu,0.9874805062142891,0.988484008349718,0.00760321735008805,0.9309413591462652,0.9435915404724777,0.07274526872560602
TCGA-UW-A72Q-01Z-00-DX1.6EEF0E01-E576-4DCA-B613-451D0079EB13_patches_images,conch,hoptimus,*_L-1_Havg.png,100,p10,otsu,0.9758714148105011,0.9831102520004287,0.020946271830525554,0.8380959413803272,0.9002882255206364,0.15736202356263077
TCGA-UW-A72Q-01Z-00-DX1.6EEF0E01-E576-4DCA-B613-451D0079EB13_patches_images,musk,hoptimus,*_L-1_Havg.png,100,p10,otsu,0.9713005364517094,0.981842780671363,0.025433330976061565,0.8158161180684118,0.8801737080313181,0.16659412854423383
TCGA-UW-A72R-01Z-00-DX1.0D9559B0-80C4-42BA-9461-F92792F0FC0F_patches_images,conch,musk,*_L-1_Havg.png,100,p10,otsu,0.9730861895777833,0.9834185398373636,0.03425148334335594,0.9223345184021419,0.9435716484234433,0.0887158492674597
TCGA-UW-A72R-01Z-00-DX1.0D9559B0-80C4-42BA-9461-F92792F0FC0F_patches_images,conch,hoptimus,*_L-1_Havg.png,100,p10,otsu,0.9677448277490407,0.97465982782538,0.02159263676191654,0.8930726872141238,0.9252525816712297,0.10106208704523399
TCGA-UW-A72R-01Z-00-DX1.0D9559B0-80C4-42BA-9461-F92792F0FC0F_patches_images,musk,hoptimus,*_L-1_Havg.png,100,p10,otsu,0.9497559838458546,0.9669381540709437,0.07270678815568433,0.8798601860564021,0.9159897711093972,0.11451302488013712
TCGA-UW-A72S-01Z-00-DX1.EA180EA6-ADD1-4ECC-89D8-082B185AC2B4_patches_images,conch,musk,*_L-1_Havg.png,100,p10,otsu,0.9668366458407531,0.9838801097580256,0.043722025340388486,0.9286396464654458,0.9600582203396416,0.11935544691038248
TCGA-UW-A72S-01Z-00-DX1.EA180EA6-ADD1-4ECC-89D8-082B185AC2B4_patches_images,conch,hoptimus,*_L-1_Havg.png,100,p10,otsu,0.9735737684734391,0.979924300663497,0.021353719639051718,0.9111911097009009,0.9469508799258985,0.1173533163303268
TCGA-UW-A72S-01Z-00-DX1.EA180EA6-ADD1-4ECC-89D8-082B185AC2B4_patches_images,musk,hoptimus,*_L-1_Havg.png,100,p10,otsu,0.9530305350803229,0.9697925750296792,0.07372668369249334,0.894136476973319,0.9407434140923951,0.1534796687691572
TCGA-UW-A72T-01Z-00-DX1.1F6EC843-0D4C-4231-99D2-82174C9FF94D_patches_images,conch,musk,*_L-1_Havg.png,100,p10,otsu,0.980885541541939,0.9871950874508344,0.024394871540962686,0.8891770798731937,0.9296392607530238,0.09185134500807383
TCGA-UW-A72T-01Z-00-DX1.1F6EC843-0D4C-4231-99D2-82174C9FF94D_patches_images,conch,hoptimus,*_L-1_Havg.png,100,p10,otsu,0.9754720608590844,0.978929435751861,0.017290886653258137,0.7656076036565274,0.8208239259073982,0.1714159736049224
TCGA-UW-A72T-01Z-00-DX1.1F6EC843-0D4C-4231-99D2-82174C9FF94D_patches_images,musk,hoptimus,*_L-1_Havg.png,100,p10,otsu,0.9672416978960072,0.9808091100497094,0.0534658004588883,0.7761373346028713,0.8594607064412048,0.18681762430055787
TCGA-UW-A7GC-01Z-00-DX1.D2D6FCC6-719A-4C03-A496-E23D18655538_patches_images,conch,musk,*_L-1_Havg.png,100,p10,otsu,0.9857488925426436,0.987870828797818,0.00903957961868138,0.8987336266189067,0.9158128220039772,0.06494486103470665
TCGA-UW-A7GC-01Z-00-DX1.D2D6FCC6-719A-4C03-A496-E23D18655538_patches_images,conch,hoptimus,*_L-1_Havg.png,100,p10,otsu,0.9767190005112986,0.9824502312850459,0.016678127642028622,0.7660578275254896,0.8376163563780405,0.17042409812881737
TCGA-UW-A7GC-01Z-00-DX1.D2D6FCC6-719A-4C03-A496-E23D18655538_patches_images,musk,hoptimus,*_L-1_Havg.png,100,p10,otsu,0.9742781474164538,0.9811098719919309,0.019551683153432614,0.7617082484740223,0.8224210235324654,0.17914342275252665
TCGA-UW-A7GC-11Z-00-DX1.ADAF7B0F-8EDC-4022-A873-3A5EBA4A46C3_patches_images,conch,musk,*_L-1_Havg.png,100,p10,otsu,0.983865164362125,0.9862291373690458,0.011488555722989284,0.9225344370402543,0.9371056617745361,0.05927716173800771
TCGA-UW-A7GC-11Z-00-DX1.ADAF7B0F-8EDC-4022-A873-3A5EBA4A46C3_patches_images,conch,hoptimus,*_L-1_Havg.png,100,p10,otsu,0.9823216499527304,0.9852108918551346,0.011276440059650504,0.8953498762241899,0.9299048912364039,0.08812075240199946
TCGA-UW-A7GC-11Z-00-DX1.ADAF7B0F-8EDC-4022-A873-3A5EBA4A46C3_patches_images,musk,hoptimus,*_L-1_Havg.png,100,p10,otsu,0.9844667778935146,0.9902555794243935,0.012049076663718773,0.9060068148433003,0.9422027343873338,0.08439064979841739
TCGA-UW-A7GG-01Z-00-DX1.83625891-206C-4060-924A-166BE9E893A7_patches_images,conch,musk,*_L-1_Havg.png,100,p10,otsu,0.9886612842574618,0.9914328192586229,0.007570583727798539,0.8964950097672159,0.9264828164864423,0.10436496891204337
TCGA-UW-A7GG-01Z-00-DX1.83625891-206C-4060-924A-166BE9E893A7_patches_images,conch,hoptimus,*_L-1_Havg.png,100,p10,otsu,0.985579733541093,0.9882478575399527,0.010576254547431701,0.8247966476262532,0.8653182156494128,0.14077673571128324
TCGA-UW-A7GG-01Z-00-DX1.83625891-206C-4060-924A-166BE9E893A7_patches_images,musk,hoptimus,*_L-1_Havg.png,100,p10,otsu,0.9828108288270322,0.9868611053481295,0.013982679592710259,0.7997104483123152,0.854308186094245,0.15851875156362438
TCGA-UW-A7GG-11Z-00-DX1.35E063D3-7E85-4BEB-9807-26F96CE31364_patches_images,conch,musk,*_L-1_Havg.png,100,p10,otsu,0.9827932558712194,0.985751088823893,0.01161868549190557,0.90879984105947,0.927813979027091,0.06110251407070339
TCGA-UW-A7GG-11Z-00-DX1.35E063D3-7E85-4BEB-9807-26F96CE31364_patches_images,conch,hoptimus,*_L-1_Havg.png,100,p10,otsu,0.9850656539569832,0.9860325154165634,0.009462432461723047,0.8949808914346707,0.9200487305695866,0.08876268176158578
TCGA-UW-A7GG-11Z-00-DX1.35E063D3-7E85-4BEB-9807-26F96CE31364_patches_images,musk,hoptimus,*_L-1_Havg.png,100,p10,otsu,0.9876226218353024,0.9904027102112625,0.01034752982388204,0.914112816543996,0.9423833045870786,0.07767865173660281
TCGA-UW-A7GI-01Z-00-DX1.4A1709FC-F8F3-4509-A011-10CBF1B53DA9_patches_images,conch,musk,*_L-1_Havg.png,100,p10,otsu,0.9883860052171652,0.9903791982136794,0.005937250389784083,0.905265426648419,0.9182680487350512,0.051481414884965236
TCGA-UW-A7GI-01Z-00-DX1.4A1709FC-F8F3-4509-A011-10CBF1B53DA9_patches_images,conch,hoptimus,*_L-1_Havg.png,100,p10,otsu,0.9860521533040394,0.9883177724115702,0.008827359440704872,0.8432026029823239,0.8963966347538415,0.13452338688611254
TCGA-UW-A7GI-01Z-00-DX1.4A1709FC-F8F3-4509-A011-10CBF1B53DA9_patches_images,musk,hoptimus,*_L-1_Havg.png,100,p10,otsu,0.9871597594642979,0.9931629940232743,0.011883454835543997,0.8521840060909548,0.916636151194058,0.14081978463861564
TCGA-UW-A7GI-11Z-00-DX1.3D506541-C999-4897-B21B-2211ADB364AE_patches_images,conch,musk,*_L-1_Havg.png,100,p10,otsu,0.9868877679481054,0.9887534103275475,0.008583153795741982,0.8995391105966459,0.9251840927738402,0.10995857840701766
TCGA-UW-A7GI-11Z-00-DX1.3D506541-C999-4897-B21B-2211ADB364AE_patches_images,conch,hoptimus,*_L-1_Havg.png,100,p10,otsu,0.9824703416750998,0.9861606952590356,0.012759246610209645,0.8396172292261155,0.9015363893709122,0.15339295074706463
TCGA-UW-A7GI-11Z-00-DX1.3D506541-C999-4897-B21B-2211ADB364AE_patches_images,musk,hoptimus,*_L-1_Havg.png,100,p10,otsu,0.9814720879858007,0.9888108941290359,0.01672317894346909,0.8264869905275427,0.9173523254519544,0.1840870603468651
TCGA-UW-A7GJ-01Z-00-DX1.5CA0FD93-E237-4AEC-84D6-0199A62105DE_patches_images,conch,musk,*_L-1_Havg.png,100,p10,otsu,0.9836123121433357,0.9865125155474541,0.010906050820992332,0.9198280691546075,0.9342323035787096,0.05414373240318726
TCGA-UW-A7GJ-01Z-00-DX1.5CA0FD93-E237-4AEC-84D6-0199A62105DE_patches_images,conch,hoptimus,*_L-1_Havg.png,100,p10,otsu,0.980934839195563,0.9823841321269154,0.01455246297542829,0.8810060316421958,0.9103401836828826,0.10657336542214756
TCGA-UW-A7GJ-01Z-00-DX1.5CA0FD93-E237-4AEC-84D6-0199A62105DE_patches_images,musk,hoptimus,*_L-1_Havg.png,100,p10,otsu,0.9816905885441649,0.9887664392768681,0.017599002471603273,0.8927489995934853,0.9301169610218958,0.10852981652828045
TCGA-UW-A7GJ-11Z-00-DX1.97F9F149-FA58-4535-AE9B-237B8F87DEC7_patches_images,conch,musk,*_L-1_Havg.png,100,p10,otsu,0.987984459170528,0.989905700719776,0.007397553886869954,0.921378648001823,0.9370456145982557,0.05611666643499469
TCGA-UW-A7GJ-11Z-00-DX1.97F9F149-FA58-4535-AE9B-237B8F87DEC7_patches_images,conch,hoptimus,*_L-1_Havg.png,100,p10,otsu,0.9782654282897438,0.9830954722248988,0.01662646968305283,0.8362735144264903,0.8943045546708317,0.1553637901543489
TCGA-UW-A7GJ-11Z-00-DX1.97F9F149-FA58-4535-AE9B-237B8F87DEC7_patches_images,musk,hoptimus,*_L-1_Havg.png,100,p10,otsu,0.9758642883407438,0.9834962540577975,0.020232683122240108,0.8328413268409771,0.8958002001326185,0.15600972927121826
TCGA-UW-A7GK-01Z-00-DX1.B074DEBE-1697-443B-B426-BD57553E1108_patches_images,conch,musk,*_L-1_Havg.png,100,p10,otsu,0.9848685660010562,0.9871092104642973,0.009442161070607077,0.9170705065976886,0.9286606320369684,0.0451448419940803
TCGA-UW-A7GK-01Z-00-DX1.B074DEBE-1697-443B-B426-BD57553E1108_patches_images,conch,hoptimus,*_L-1_Havg.png,100,p10,otsu,0.9846921411056228,0.9860001157349394,0.009176324528429368,0.8917320788096059,0.9213326750710851,0.09138349688886299
TCGA-UW-A7GK-01Z-00-DX1.B074DEBE-1697-443B-B426-BD57553E1108_patches_images,musk,hoptimus,*_L-1_Havg.png,100,p10,otsu,0.9879063639495632,0.9916052626375541,0.01002492157898777,0.9039814375303961,0.9377301237462308,0.09168523654125302
TCGA-UW-A7GK-11Z-00-DX1.123382DA-3237-4467-ADDD-21A1617DF4E8_patches_images,conch,musk,*_L-1_Havg.png,100,p10,otsu,0.98428306502566,0.9868382399546682,0.010554181962188906,0.9075337608338404,0.925839429989374,0.06510614343154175
TCGA-UW-A7GK-11Z-00-DX1.123382DA-3237-4467-ADDD-21A1617DF4E8_patches_images,conch,hoptimus,*_L-1_Havg.png,100,p10,otsu,0.9844176836108355,0.9860090004358365,0.009497590727152276,0.8836126203623893,0.9181798013891196,0.093028792086595
TCGA-UW-A7GK-11Z-00-DX1.123382DA-3237-4467-ADDD-21A1617DF4E8_patches_images,musk,hoptimus,*_L-1_Havg.png,100,p10,otsu,0.9906125780092785,0.9932572150662482,0.0066756581801820855,0.9059950169844041,0.9479333048481453,0.09718401672108375
TCGA-UW-A7GL-01Z-00-DX1.BE2C0D9F-3F84-4363-9B79-01883E8F0306_patches_images,conch,musk,*_L-1_Havg.png,100,p10,otsu,0.9880282340964607,0.990464617551229,0.007469774938089153,0.8820520461914043,0.9305707857097594,0.16366689128965445
TCGA-UW-A7GL-01Z-00-DX1.BE2C0D9F-3F84-4363-9B79-01883E8F0306_patches_images,conch,hoptimus,*_L-1_Havg.png,100,p10,otsu,0.9860520632469607,0.9886461509368368,0.011797362062931322,0.8342284717788977,0.9266602426170985,0.2171022680901981
TCGA-UW-A7GL-01Z-00-DX1.BE2C0D9F-3F84-4363-9B79-01883E8F0306_patches_images,musk,hoptimus,*_L-1_Havg.png,100,p10,otsu,0.9838275768271515,0.9883528799331631,0.015957495518372743,0.7935011432306225,0.9081559727301707,0.25049649546902664
TCGA-UW-A7GL-11Z-00-DX1.3508B4AD-C189-4416-848A-CA6771F2EE46_patches_images,conch,musk,*_L-1_Havg.png,100,p10,otsu,0.9852379500842168,0.9895396788095084,0.014219679884176484,0.9145506382175022,0.936076336948968,0.06809846995476442
TCGA-UW-A7GL-11Z-00-DX1.3508B4AD-C189-4416-848A-CA6771F2EE46_patches_images,conch,hoptimus,*_L-1_Havg.png,100,p10,otsu,0.9848818058123698,0.9883206995629695,0.012662696640585136,0.8963056179119225,0.9300278708374459,0.09322581525490059
TCGA-UW-A7GL-11Z-00-DX1.3508B4AD-C189-4416-848A-CA6771F2EE46_patches_images,musk,hoptimus,*_L-1_Havg.png,100,p10,otsu,0.9899002538580841,0.9926921858585877,0.007598521065955176,0.9061087907210227,0.933300587585558,0.07597138679186383
TCGA-UW-A7GN-01Z-00-DX1.0DCDED5B-B0D4-4B0F-81DB-1534E331ED3C_patches_images,conch,musk,*_L-1_Havg.png,100,p10,otsu,0.9883840075482263,0.9898565683913855,0.006667208145249089,0.9095683755155582,0.9260280848081313,0.08324430493989864
TCGA-UW-A7GN-01Z-00-DX1.0DCDED5B-B0D4-4B0F-81DB-1534E331ED3C_patches_images,conch,hoptimus,*_L-1_Havg.png,100,p10,otsu,0.980323991423575,0.985980021632283,0.016225574872669898,0.8285439442534498,0.9045503866330817,0.16274979762252292
TCGA-UW-A7GN-01Z-00-DX1.0DCDED5B-B0D4-4B0F-81DB-1534E331ED3C_patches_images,musk,hoptimus,*_L-1_Havg.png,100,p10,otsu,0.9809660615516093,0.9903468229229184,0.018035650859502688,0.8196781480816488,0.9042679874907565,0.17533027600169537
TCGA-UW-A7GN-11Z-00-DX1.ABAA5DC6-D63C-4BBF-AB0C-213B95C79720_patches_images,conch,musk,*_L-1_Havg.png,100,p10,otsu,0.9774837938111363,0.9824447213134737,0.016750666012518216,0.9172459061827954,0.9337467013253504,0.06053845449444478
TCGA-UW-A7GN-11Z-00-DX1.ABAA5DC6-D63C-4BBF-AB0C-213B95C79720_patches_images,conch,hoptimus,*_L-1_Havg.png,100,p10,otsu,0.9780741427974787,0.981336648319728,0.016088239316849526,0.8896668761532706,0.9243154083283464,0.09905097302267839
TCGA-UW-A7GN-11Z-00-DX1.ABAA5DC6-D63C-4BBF-AB0C-213B95C79720_patches_images,musk,hoptimus,*_L-1_Havg.png,100,p10,otsu,0.9839337384000989,0.9893238415261469,0.013525765918290984,0.9078167847854381,0.9379922513297674,0.09633727308018561
TCGA-UW-A7GP-01Z-00-DX1.C997CBA5-AF20-4CB3-9CB3-82AA65146EF5_patches_images,conch,musk,*_L-1_Havg.png,100,p10,otsu,0.9901902619738848,0.991596759307152,0.006733937471778552,0.8996235798706964,0.9254242468900771,0.07386719370702415
TCGA-UW-A7GP-01Z-00-DX1.C997CBA5-AF20-4CB3-9CB3-82AA65146EF5_patches_images,conch,hoptimus,*_L-1_Havg.png,100,p10,otsu,0.9869734477868423,0.9896110888994178,0.010751232633100839,0.8198463774680244,0.8761510949611422,0.1480916889861501
TCGA-UW-A7GP-01Z-00-DX1.C997CBA5-AF20-4CB3-9CB3-82AA65146EF5_patches_images,musk,hoptimus,*_L-1_Havg.png,100,p10,otsu,0.9865916556328824,0.992050538028417,0.012964144074044427,0.822462061449538,0.8891384772457951,0.1465026805227875
TCGA-UW-A7GP-11Z-00-DX1.C89DD837-4B77-4CB5-8FAB-DF9315892B9B_patches_images,conch,musk,*_L-1_Havg.png,100,p10,otsu,0.9817072384686645,0.9836855495485439,0.01111366334813693,0.9114823945007937,0.9296148698670231,0.06637991613374708
TCGA-UW-A7GP-11Z-00-DX1.C89DD837-4B77-4CB5-8FAB-DF9315892B9B_patches_images,conch,hoptimus,*_L-1_Havg.png,100,p10,otsu,0.983891989988309,0.9862951078849777,0.01042993615218677,0.895364063778816,0.9294407609648826,0.0929407226329093
TCGA-UW-A7GP-11Z-00-DX1.C89DD837-4B77-4CB5-8FAB-DF9315892B9B_patches_images,musk,hoptimus,*_L-1_Havg.png,100,p10,otsu,0.9883977303771145,0.9910705932000805,0.00845159704873753,0.9087436206315752,0.9379275166914488,0.08147171135960038
TCGA-UW-A7GR-01Z-00-DX1.094D510F-5348-4543-9F18-73815250F824_patches_images,conch,musk,*_L-1_Havg.png,100,p10,otsu,0.9896069523482833,0.9906400947431702,0.005846305702473184,0.9232769861971853,0.9353082587188917,0.04352759951772291
TCGA-UW-A7GR-01Z-00-DX1.094D510F-5348-4543-9F18-73815250F824_patches_images,conch,hoptimus,*_L-1_Havg.png,100,p10,otsu,0.9817524900535536,0.9869904806564764,0.015631103455915646,0.8342187949152553,0.890072898224959,0.15306837069260473
TCGA-UW-A7GR-01Z-00-DX1.094D510F-5348-4543-9F18-73815250F824_patches_images,musk,hoptimus,*_L-1_Havg.png,100,p10,otsu,0.9811649660296432,0.9887092047956341,0.0166605976947465,0.8185392832062958,0.8712166825330127,0.1511689282040102
TCGA-UW-A7GR-11Z-00-DX1.33EC231A-1C19-48A5-B37E-14C79191DDD6_patches_images,conch,musk,*_L-1_Havg.png,100,p10,otsu,0.9854285508011192,0.9894789818205604,0.014873464038137182,0.9205774745423372,0.9353953471631378,0.05269218639610152
TCGA-UW-A7GR-11Z-00-DX1.33EC231A-1C19-48A5-B37E-14C79191DDD6_patches_images,conch,hoptimus,*_L-1_Havg.png,100,p10,otsu,0.9822286592053865,0.9875187799783186,0.0150881063225178,0.8440578995599995,0.9005494428504295,0.1468549483540667
TCGA-UW-A7GR-11Z-00-DX1.33EC231A-1C19-48A5-B37E-14C79191DDD6_patches_images,musk,hoptimus,*_L-1_Havg.png,100,p10,otsu,0.9871265022031974,0.992341258469576,0.011784235835448551,0.8425800462316505,0.9013639370020219,0.14650966456515455
TCGA-UW-A7GU-01Z-00-DX1.30C1C11C-4113-4F8D-8372-5EE3DD33564D_patches_images,conch,musk,*_L-1_Havg.png,100,p10,otsu,0.9875109733940574,0.9888256765379759,0.006472492907789551,0.9221643709511734,0.9326464597125552,0.043419336517214954
TCGA-UW-A7GU-01Z-00-DX1.30C1C11C-4113-4F8D-8372-5EE3DD33564D_patches_images,conch,hoptimus,*_L-1_Havg.png,100,p10,otsu,0.9849405411258231,0.9873515102306862,0.010010817421466683,0.8816695741096364,0.9203554744352004,0.10813363232132987
TCGA-UW-A7GU-01Z-00-DX1.30C1C11C-4113-4F8D-8372-5EE3DD33564D_patches_images,musk,hoptimus,*_L-1_Havg.png,100,p10,otsu,0.9872326041625186,0.9924758632120585,0.012441501254658835,0.88008759897042,0.9269669640160875,0.1142069001646984
TCGA-UW-A7GU-11Z-00-DX1.BC340CDF-7F82-4314-86BA-E003AE43389D_patches_images,conch,musk,*_L-1_Havg.png,100,p10,otsu,0.9824505443143678,0.9853861182221462,0.012486238801354627,0.9039036401826475,0.9332421395938795,0.08248364168405789
TCGA-UW-A7GU-11Z-00-DX1.BC340CDF-7F82-4314-86BA-E003AE43389D_patches_images,conch,hoptimus,*_L-1_Havg.png,100,p10,otsu,0.9819880805976285,0.9841712707291896,0.014106420195194804,0.8818283154727857,0.9067207347989739,0.11192386244693756
TCGA-UW-A7GU-11Z-00-DX1.BC340CDF-7F82-4314-86BA-E003AE43389D_patches_images,musk,hoptimus,*_L-1_Havg.png,100,p10,otsu,0.9864603930154097,0.9907672834950318,0.013141272230640351,0.9061067190242295,0.9368165154561501,0.09552250716642297
TCGA-UW-A7GX-01Z-00-DX1.C99CCFC7-C714-4F0D-AC12-D88F6DFAEFB6_patches_images,conch,musk,*_L-1_Havg.png,100,p10,otsu,0.9917851698853332,0.994387185214668,0.006391558591512263,0.92371001796894,0.9317160434065768,0.034083537724057214
TCGA-UW-A7GX-01Z-00-DX1.C99CCFC7-C714-4F0D-AC12-D88F6DFAEFB6_patches_images,conch,hoptimus,*_L-1_Havg.png,100,p10,otsu,0.9896221068732851,0.9920520731120617,0.007712677062951665,0.861470063358557,0.9051518575687978,0.11241173670808036
TCGA-UW-A7GX-01Z-00-DX1.C99CCFC7-C714-4F0D-AC12-D88F6DFAEFB6_patches_images,musk,hoptimus,*_L-1_Havg.png,100,p10,otsu,0.9893740514456323,0.9926046200439125,0.00883950090352747,0.8386882022520465,0.8837259225786116,0.11059560584342717
TCGA-UW-A7GX-11Z-00-DX1.57C4FD28-5463-40C5-9E87-484F3326B395_patches_images,conch,musk,*_L-1_Havg.png,100,p10,otsu,0.9815142506530716,0.9851782376773108,0.015514309989842765,0.9229159161423611,0.9412330546089203,0.05352252263970736
TCGA-UW-A7GX-11Z-00-DX1.57C4FD28-5463-40C5-9E87-484F3326B395_patches_images,conch,hoptimus,*_L-1_Havg.png,100,p10,otsu,0.979641694037949,0.9839610122604024,0.015903077672844684,0.8524571034310136,0.920470654990182,0.15719287596737416
TCGA-UW-A7GX-11Z-00-DX1.57C4FD28-5463-40C5-9E87-484F3326B395_patches_images,musk,hoptimus,*_L-1_Havg.png,100,p10,otsu,0.9834237378666792,0.9918994839101398,0.017540118252117612,0.8607511140229959,0.9344940761714483,0.16086293509012511
TCGA-UW-A7GY-01Z-00-DX1.CD2CCA5D-C92B-409C-B5D6-1EB7C8A0B4CD_patches_images,conch,musk,*_L-1_Havg.png,100,p10,otsu,0.9883890162203758,0.9899284892598019,0.007262654309675776,0.883404309173992,0.9320336524132855,0.16573571413431107
TCGA-UW-A7GY-01Z-00-DX1.CD2CCA5D-C92B-409C-B5D6-1EB7C8A0B4CD_patches_images,conch,hoptimus,*_L-1_Havg.png,100,p10,otsu,0.9867938043665846,0.9884608503617381,0.009678932048727017,0.8635587385707452,0.9203294718772781,0.16334662103482148
TCGA-UW-A7GY-01Z-00-DX1.CD2CCA5D-C92B-409C-B5D6-1EB7C8A0B4CD_patches_images,musk,hoptimus,*_L-1_Havg.png,100,p10,otsu,0.9854792299923689,0.9885364372594978,0.011672839477077618,0.8194803083778018,0.9110555366021643,0.21677268385294773
TCGA-UW-A7GY-11Z-00-DX1.7410A3EA-BFFD-4744-8DB2-66A409C0BFA9_patches_images,conch,musk,*_L-1_Havg.png,100,p10,otsu,0.9904175885010129,0.9936329131160356,0.01843361291760157,0.9204369465294593,0.9267934200002595,0.038407561181773166
TCGA-UW-A7GY-11Z-00-DX1.7410A3EA-BFFD-4744-8DB2-66A409C0BFA9_patches_images,conch,hoptimus,*_L-1_Havg.png,100,p10,otsu,0.9897288564012295,0.9934347090849605,0.014918581207288928,0.8771892585828914,0.9092700365058761,0.08828530354648086
TCGA-UW-A7GY-11Z-00-DX1.7410A3EA-BFFD-4744-8DB2-66A409C0BFA9_patches_images,musk,hoptimus,*_L-1_Havg.png,100,p10,otsu,0.986990610437132,0.993358997268449,0.03864628066166231,0.8554757134311767,0.8955270755183544,0.09333387965525837
