tile_id,pair,percentile,hard_dice,fg_percentile
0,Conch vs H-optimus,10,0.9952088961071163,10.0
0,Conch vs H-optimus,30,0.8999508668218903,10.0
0,Conch vs H-optimus,50,0.73737974311768,10.0
0,Conch vs H-optimus,70,0.6381990108036308,10.0
0,Conch vs H-optimus,90,0.6278483013945476,10.0
0,Conch vs MUSK,10,0.9700991531554451,10.0
0,Conch vs MUSK,30,0.9289338543976572,10.0
0,Conch vs MUSK,50,0.7989732646205558,10.0
0,Conch vs MUSK,70,0.8390059641318063,10.0
0,Conch vs MUSK,90,0.6021184544233534,10.0
0,H-optimus vs MUSK,10,0.9679610589986127,10.0
0,H-optimus vs MUSK,30,0.9146453906866026,10.0
0,H-optimus vs MUSK,50,0.7174905281080748,10.0
0,H-optimus vs MUSK,70,0.6179027421917732,10.0
0,H-optimus vs MUSK,90,0.7237740233334363,10.0
1,Conch vs H-optimus,10,0.9404238741668655,10.0
1,Conch vs H-optimus,30,0.8093101286750826,10.0
1,Conch vs H-optimus,50,0.6977444152289997,10.0
1,Conch vs H-optimus,70,0.588855688842083,10.0
1,Conch vs H-optimus,90,0.7773876057173305,10.0
1,Conch vs MUSK,10,0.9557132637252107,10.0
1,Conch vs MUSK,30,0.9557132637252107,10.0
1,Conch vs MUSK,50,0.7165676200927669,10.0
1,Conch vs MUSK,70,0.7379189482129908,10.0
1,Conch vs MUSK,90,0.7653470648815024,10.0
1,H-optimus vs MUSK,10,0.9587738742320958,10.0
1,H-optimus vs MUSK,30,0.8096072147642668,10.0
1,H-optimus vs MUSK,50,0.6295875279166865,10.0
1,H-optimus vs MUSK,70,0.4816390384788856,10.0
1,H-optimus vs MUSK,90,0.734692196829258,10.0
2,Conch vs H-optimus,10,0.9709954724503135,10.0
2,Conch vs H-optimus,30,0.920048415718687,10.0
2,Conch vs H-optimus,50,0.7993261659600116,10.0
2,Conch vs H-optimus,70,0.6903161419246221,10.0
2,Conch vs H-optimus,90,0.79787850734123,10.0
2,Conch vs MUSK,10,0.9611915156027239,10.0
2,Conch vs MUSK,30,0.8879326914676029,10.0
2,Conch vs MUSK,50,0.7591416862993976,10.0
2,Conch vs MUSK,70,0.6725305968325757,10.0
2,Conch vs MUSK,90,0.7704055130379913,10.0
2,H-optimus vs MUSK,10,0.9703011922132503,10.0
2,H-optimus vs MUSK,30,0.908638633800538,10.0
2,H-optimus vs MUSK,50,0.7462809828427448,10.0
2,H-optimus vs MUSK,70,0.6570137605257621,10.0
2,H-optimus vs MUSK,90,0.7745491934298647,10.0
3,Conch vs H-optimus,10,0.9708972666877947,10.0
3,Conch vs H-optimus,30,0.9036981294345204,10.0
3,Conch vs H-optimus,50,0.739310120458642,10.0
3,Conch vs H-optimus,70,0.6877595949625216,10.0
3,Conch vs H-optimus,90,0.8236626635194128,10.0
3,Conch vs MUSK,10,0.9887125207610854,10.0
3,Conch vs MUSK,30,0.952368437098531,10.0
3,Conch vs MUSK,50,0.8760117598346193,10.0
3,Conch vs MUSK,70,0.714537291105774,10.0
3,Conch vs MUSK,90,0.792460357035937,10.0
3,H-optimus vs MUSK,10,0.970954595454899,10.0
3,H-optimus vs MUSK,30,0.9008807132475661,10.0
3,H-optimus vs MUSK,50,0.7011874263209426,10.0
3,H-optimus vs MUSK,70,0.5826502962259403,10.0
3,H-optimus vs MUSK,90,0.7552827173333372,10.0
4,Conch vs H-optimus,10,0.9652563644504256,10.0
4,Conch vs H-optimus,30,0.8916654874769953,10.0
4,Conch vs H-optimus,50,0.7641618321328102,10.0
4,Conch vs H-optimus,70,0.7178673729603627,10.0
4,Conch vs H-optimus,90,0.8552753024886426,10.0
4,Conch vs MUSK,10,0.9604491921538997,10.0
4,Conch vs MUSK,30,0.8907052347703913,10.0
4,Conch vs MUSK,50,0.8907052347703913,10.0
4,Conch vs MUSK,70,0.7162140896965837,10.0
4,Conch vs MUSK,90,0.7532378204267252,10.0
4,H-optimus vs MUSK,10,0.9619529763646089,10.0
4,H-optimus vs MUSK,30,0.877440162960438,10.0
4,H-optimus vs MUSK,50,0.721202137382914,10.0
4,H-optimus vs MUSK,70,0.6080487356909978,10.0
4,H-optimus vs MUSK,90,0.7448138007491018,10.0
5,Conch vs H-optimus,10,0.9761842161993913,10.0
5,Conch vs H-optimus,30,0.9239671617102426,10.0
5,Conch vs H-optimus,50,0.7562404633755551,10.0
5,Conch vs H-optimus,70,0.6390172748788594,10.0
5,Conch vs H-optimus,90,0.8698039850963171,10.0
5,Conch vs MUSK,10,0.9913647032766751,10.0
5,Conch vs MUSK,30,0.9290327513249723,10.0
5,Conch vs MUSK,50,0.7497474904919166,10.0
5,Conch vs MUSK,70,0.8003309523335654,10.0
5,Conch vs MUSK,90,0.7582868024399866,10.0
5,H-optimus vs MUSK,10,0.9765067411841101,10.0
5,H-optimus vs MUSK,30,0.923234854948796,10.0
5,H-optimus vs MUSK,50,0.7682371792918891,10.0
5,H-optimus vs MUSK,70,0.6218221825436242,10.0
5,H-optimus vs MUSK,90,0.7708784360033482,10.0
6,Conch vs H-optimus,10,0.9512572835737986,10.0
6,Conch vs H-optimus,30,0.8337273310415506,10.0
6,Conch vs H-optimus,50,0.7790121346778232,10.0
6,Conch vs H-optimus,70,0.6918196632264885,10.0
6,Conch vs H-optimus,90,0.7886863442564395,10.0
6,Conch vs MUSK,10,0.9634174235967822,10.0
6,Conch vs MUSK,30,0.8860760217477198,10.0
6,Conch vs MUSK,50,0.794535232102553,10.0
6,Conch vs MUSK,70,0.48304133367946783,10.0
6,Conch vs MUSK,90,0.7253525146999465,10.0
6,H-optimus vs MUSK,10,0.9186527841269787,10.0
6,H-optimus vs MUSK,30,0.7850118752842409,10.0
6,H-optimus vs MUSK,50,0.7947600249774613,10.0
6,H-optimus vs MUSK,70,0.3907815282118759,10.0
6,H-optimus vs MUSK,90,0.7236824941298654,10.0
7,Conch vs H-optimus,10,0.9597988240108544,10.0
7,Conch vs H-optimus,30,0.9291644049142577,10.0
7,Conch vs H-optimus,50,0.911158324243928,10.0
7,Conch vs H-optimus,70,0.8522255839943071,10.0
7,Conch vs H-optimus,90,0.7749687590117558,10.0
7,Conch vs MUSK,10,0.9655720863571918,10.0
7,Conch vs MUSK,30,0.9411418893733575,10.0
7,Conch vs MUSK,50,0.9235793530912908,10.0
7,Conch vs MUSK,70,0.8740465665259702,10.0
7,Conch vs MUSK,90,0.7697302994499937,10.0
7,H-optimus vs MUSK,10,0.9677763743972743,10.0
7,H-optimus vs MUSK,30,0.9455778750358366,10.0
7,H-optimus vs MUSK,50,0.9362986977975275,10.0
7,H-optimus vs MUSK,70,0.90486590323076,10.0
7,H-optimus vs MUSK,90,0.763013233797017,10.0
8,Conch vs H-optimus,10,0.9157700878399982,10.0
8,Conch vs H-optimus,30,0.8427530774189949,10.0
8,Conch vs H-optimus,50,0.6510005829292591,10.0
8,Conch vs H-optimus,70,0.43489632834299125,10.0
8,Conch vs H-optimus,90,0.7807175837674605,10.0
8,Conch vs MUSK,10,0.9630664364503256,10.0
8,Conch vs MUSK,30,0.8990605478135404,10.0
8,Conch vs MUSK,50,0.8856011647979527,10.0
8,Conch vs MUSK,70,0.7455087988478252,10.0
8,Conch vs MUSK,90,0.7464073818847382,10.0
8,H-optimus vs MUSK,10,0.9273055581679589,10.0
8,H-optimus vs MUSK,30,0.8577547201782334,10.0
8,H-optimus vs MUSK,50,0.6835164240306002,10.0
8,H-optimus vs MUSK,70,0.39139005779988323,10.0
8,H-optimus vs MUSK,90,0.744978891621212,10.0
9,Conch vs H-optimus,10,0.9378190651420569,10.0
9,Conch vs H-optimus,30,0.8500348739210778,10.0
9,Conch vs H-optimus,50,0.7582122592085665,10.0
9,Conch vs H-optimus,70,0.6706939562308462,10.0
9,Conch vs H-optimus,90,0.7580879048191822,10.0
9,Conch vs MUSK,10,0.9511064774143133,10.0
9,Conch vs MUSK,30,0.8941916322469216,10.0
9,Conch vs MUSK,50,0.8557747454853253,10.0
9,Conch vs MUSK,70,0.8261101374307082,10.0
9,Conch vs MUSK,90,0.7954192117849277,10.0
9,H-optimus vs MUSK,10,0.9571454075640032,10.0
9,H-optimus vs MUSK,30,0.8752078704790699,10.0
9,H-optimus vs MUSK,50,0.7819589822142663,10.0
9,H-optimus vs MUSK,70,0.6893937231303079,10.0
9,H-optimus vs MUSK,90,0.7550746319403663,10.0
10,Conch vs H-optimus,10,0.9166704529543622,10.0
10,Conch vs H-optimus,30,0.7748163034005803,10.0
10,Conch vs H-optimus,50,0.6154095765992077,10.0
10,Conch vs H-optimus,70,0.3879872749802262,10.0
10,Conch vs H-optimus,90,0.7447074304178469,10.0
10,Conch vs MUSK,10,0.9566053574386827,10.0
10,Conch vs MUSK,30,0.9020283504694211,10.0
10,Conch vs MUSK,50,0.8627174876871687,10.0
10,Conch vs MUSK,70,0.8075339752782679,10.0
10,Conch vs MUSK,90,0.7530703631753356,10.0
10,H-optimus vs MUSK,10,0.9245835376636414,10.0
10,H-optimus vs MUSK,30,0.7926500204958112,10.0
10,H-optimus vs MUSK,50,0.6445038835794273,10.0
10,H-optimus vs MUSK,70,0.4190534081175802,10.0
10,H-optimus vs MUSK,90,0.7285297330789081,10.0
11,Conch vs H-optimus,10,0.9318654136254094,10.0
11,Conch vs H-optimus,30,0.8969487527855464,10.0
11,Conch vs H-optimus,50,0.6949073766682047,10.0
11,Conch vs H-optimus,70,0.561744413690662,10.0
11,Conch vs H-optimus,90,0.759707655949003,10.0
11,Conch vs MUSK,10,0.9270241901972818,10.0
11,Conch vs MUSK,30,0.8945787677045705,10.0
11,Conch vs MUSK,50,0.6978930972913315,10.0
11,Conch vs MUSK,70,0.4568971386279633,10.0
11,Conch vs MUSK,90,0.7495652761129143,10.0
11,H-optimus vs MUSK,10,0.9630356644742375,10.0
11,H-optimus vs MUSK,30,0.9216097842357219,10.0
11,H-optimus vs MUSK,50,0.7529919489373934,10.0
11,H-optimus vs MUSK,70,0.47704022294879467,10.0
11,H-optimus vs MUSK,90,0.7468385316314484,10.0
12,Conch vs H-optimus,10,0.9282703523766294,10.0
12,Conch vs H-optimus,30,0.9188263804579315,10.0
12,Conch vs H-optimus,50,0.7107181854421611,10.0
12,Conch vs H-optimus,70,0.5375091780073248,10.0
12,Conch vs H-optimus,90,0.8379104175110764,10.0
12,Conch vs MUSK,10,0.9775643586803522,10.0
12,Conch vs MUSK,30,0.8787086577173947,10.0
12,Conch vs MUSK,50,0.7319376130379843,10.0
12,Conch vs MUSK,70,0.5859708357149392,10.0
12,Conch vs MUSK,90,0.7520647255722568,10.0
12,H-optimus vs MUSK,10,0.9146843100822135,10.0
12,H-optimus vs MUSK,30,0.8515039912597491,10.0
12,H-optimus vs MUSK,50,0.6996891260280194,10.0
12,H-optimus vs MUSK,70,0.4802143650352859,10.0
12,H-optimus vs MUSK,90,0.7492399939534802,10.0
13,Conch vs H-optimus,10,0.9624242486962543,10.0
13,Conch vs H-optimus,30,0.7980292630140537,10.0
13,Conch vs H-optimus,50,0.7980292630140537,10.0
13,Conch vs H-optimus,70,0.7289560053878524,10.0
13,Conch vs H-optimus,90,0.797319441387173,10.0
13,Conch vs MUSK,10,0.9398273810260508,10.0
13,Conch vs MUSK,30,0.7871312244201826,10.0
13,Conch vs MUSK,50,0.7402465091192306,10.0
13,Conch vs MUSK,70,0.49262899559646817,10.0
13,Conch vs MUSK,90,0.7247837800664457,10.0
13,H-optimus vs MUSK,10,0.9229023505957873,10.0
13,H-optimus vs MUSK,30,0.7511904400837017,10.0
13,H-optimus vs MUSK,50,0.7401247202288084,10.0
13,H-optimus vs MUSK,70,0.3940251040180828,10.0
13,H-optimus vs MUSK,90,0.7245506072873907,10.0
14,Conch vs H-optimus,10,0.9422690163862253,10.0
14,Conch vs H-optimus,30,0.9422690163862253,10.0
14,Conch vs H-optimus,50,0.7709951400019485,10.0
14,Conch vs H-optimus,70,0.6369991230004504,10.0
14,Conch vs H-optimus,90,0.804065889783399,10.0
14,Conch vs MUSK,10,0.9631420982180122,10.0
14,Conch vs MUSK,30,0.9372284957632865,10.0
14,Conch vs MUSK,50,0.7382336319419616,10.0
14,Conch vs MUSK,70,0.5812785252170238,10.0
14,Conch vs MUSK,90,0.7421386791980584,10.0
14,H-optimus vs MUSK,10,0.9504158377235846,10.0
14,H-optimus vs MUSK,30,0.9407584996623676,10.0
14,H-optimus vs MUSK,50,0.8295169828481964,10.0
14,H-optimus vs MUSK,70,0.5586825553602842,10.0
14,H-optimus vs MUSK,90,0.7393079874776514,10.0
15,Conch vs H-optimus,10,0.974245567175552,10.0
15,Conch vs H-optimus,30,0.974245567175552,10.0
15,Conch vs H-optimus,50,0.8619324890154991,10.0
15,Conch vs H-optimus,70,0.7679456335021109,10.0
15,Conch vs H-optimus,90,0.8315124284836255,10.0
15,Conch vs MUSK,10,0.995062654810832,10.0
15,Conch vs MUSK,30,0.995062654810832,10.0
15,Conch vs MUSK,50,0.8130523654157571,10.0
15,Conch vs MUSK,70,0.6488077234950067,10.0
15,Conch vs MUSK,90,0.7533155233278669,10.0
15,H-optimus vs MUSK,10,0.972125811880902,10.0
15,H-optimus vs MUSK,30,0.972125811880902,10.0
15,H-optimus vs MUSK,50,0.8191621351247014,10.0
15,H-optimus vs MUSK,70,0.6504284825060318,10.0
15,H-optimus vs MUSK,90,0.7570727966899825,10.0
16,Conch vs H-optimus,10,0.9592800381076148,10.0
16,Conch vs H-optimus,30,0.8629472845204869,10.0
16,Conch vs H-optimus,50,0.8496080639140636,10.0
16,Conch vs H-optimus,70,0.7920056087034151,10.0
16,Conch vs H-optimus,90,0.8077742924977205,10.0
16,Conch vs MUSK,10,0.952593708504983,10.0
16,Conch vs MUSK,30,0.9563377770659071,10.0
16,Conch vs MUSK,50,0.8158564038343871,10.0
16,Conch vs MUSK,70,0.7487831602014173,10.0
16,Conch vs MUSK,90,0.7760682577317132,10.0
16,H-optimus vs MUSK,10,0.9631830852574463,10.0
16,H-optimus vs MUSK,30,0.8784974233208276,10.0
16,H-optimus vs MUSK,50,0.8827899524513833,10.0
16,H-optimus vs MUSK,70,0.835384075909728,10.0
16,H-optimus vs MUSK,90,0.8143743715978908,10.0
17,Conch vs H-optimus,10,0.9612186128182532,10.0
17,Conch vs H-optimus,30,0.884425873706454,10.0
17,Conch vs H-optimus,50,0.7816861686513876,10.0
17,Conch vs H-optimus,70,0.7083500519451634,10.0
17,Conch vs H-optimus,90,0.7374731987539352,10.0
17,Conch vs MUSK,10,0.9685517099299463,10.0
17,Conch vs MUSK,30,0.935358849838611,10.0
17,Conch vs MUSK,50,0.8692258158818836,10.0
17,Conch vs MUSK,70,0.7173639764507689,10.0
17,Conch vs MUSK,90,0.7233458549323816,10.0
17,H-optimus vs MUSK,10,0.9647934007314359,10.0
17,H-optimus vs MUSK,30,0.8966890958006416,10.0
17,H-optimus vs MUSK,50,0.7803741509946676,10.0
17,H-optimus vs MUSK,70,0.7227290231483308,10.0
17,H-optimus vs MUSK,90,0.7550392071967452,10.0
18,Conch vs H-optimus,10,0.9941368294403103,10.0
18,Conch vs H-optimus,30,0.9308020667275294,10.0
18,Conch vs H-optimus,50,0.8770056215881362,10.0
18,Conch vs H-optimus,70,0.6836746656840982,10.0
18,Conch vs H-optimus,90,0.8585546633723824,10.0
18,Conch vs MUSK,10,0.9939525806585475,10.0
18,Conch vs MUSK,30,0.8986976435100331,10.0
18,Conch vs MUSK,50,0.8986976435100331,10.0
18,Conch vs MUSK,70,0.6835601650719221,10.0
18,Conch vs MUSK,90,0.7855013363010223,10.0
18,H-optimus vs MUSK,10,0.998317844726154,10.0
18,H-optimus vs MUSK,30,0.8922120006461642,10.0
18,H-optimus vs MUSK,50,0.9199677866870042,10.0
18,H-optimus vs MUSK,70,0.9199677866870042,10.0
18,H-optimus vs MUSK,90,0.7899807957008094,10.0
19,Conch vs H-optimus,10,0.9539878495571028,10.0
19,Conch vs H-optimus,30,0.8812406413582778,10.0
19,Conch vs H-optimus,50,0.7623908673159092,10.0
19,Conch vs H-optimus,70,0.7376091979636523,10.0
19,Conch vs H-optimus,90,0.8210115064642837,10.0
19,Conch vs MUSK,10,0.9651080139571658,10.0
19,Conch vs MUSK,30,0.8954213181921011,10.0
19,Conch vs MUSK,50,0.8954213181921011,10.0
19,Conch vs MUSK,70,0.5109434184399938,10.0
19,Conch vs MUSK,90,0.7628034199796347,10.0
19,H-optimus vs MUSK,10,0.9569322886238202,10.0
19,H-optimus vs MUSK,30,0.8655192629815655,10.0
19,H-optimus vs MUSK,50,0.6980601135074799,10.0
19,H-optimus vs MUSK,70,0.45183126471925794,10.0
19,H-optimus vs MUSK,90,0.762167504619418,10.0
20,Conch vs H-optimus,10,0.9333915411954984,10.0
20,Conch vs H-optimus,30,0.8761473447510386,10.0
20,Conch vs H-optimus,50,0.7349001160188303,10.0
20,Conch vs H-optimus,70,0.5490328055250266,10.0
20,Conch vs H-optimus,90,0.7658147373809988,10.0
20,Conch vs MUSK,10,0.9286090346320505,10.0
20,Conch vs MUSK,30,0.8770209059022851,10.0
20,Conch vs MUSK,50,0.7184660088769563,10.0
20,Conch vs MUSK,70,0.4736473621747976,10.0
20,Conch vs MUSK,90,0.7544914241141568,10.0
20,H-optimus vs MUSK,10,0.9677732326161717,10.0
20,H-optimus vs MUSK,30,0.9511771420200215,10.0
20,H-optimus vs MUSK,50,0.898362566395339,10.0
20,H-optimus vs MUSK,70,0.6992235836217384,10.0
20,H-optimus vs MUSK,90,0.7502622407199988,10.0
21,Conch vs H-optimus,10,0.9337513795238038,10.0
21,Conch vs H-optimus,30,0.8585191443509672,10.0
21,Conch vs H-optimus,50,0.7905663700311694,10.0
21,Conch vs H-optimus,70,0.7301603594972305,10.0
21,Conch vs H-optimus,90,0.7275545095980577,10.0
21,Conch vs MUSK,10,0.9367310635041991,10.0
21,Conch vs MUSK,30,0.8656566518373957,10.0
21,Conch vs MUSK,50,0.79526157756716,10.0
21,Conch vs MUSK,70,0.738360820274164,10.0
21,Conch vs MUSK,90,0.7629947952334644,10.0
21,H-optimus vs MUSK,10,0.9773042347735934,10.0
21,H-optimus vs MUSK,30,0.9441501277651565,10.0
21,H-optimus vs MUSK,50,0.9269316357768098,10.0
21,H-optimus vs MUSK,70,0.92818628154696,10.0
21,H-optimus vs MUSK,90,0.7364566047298077,10.0
22,Conch vs H-optimus,10,0.9634383092046832,10.0
22,Conch vs H-optimus,30,0.9351069717449524,10.0
22,Conch vs H-optimus,50,0.9128303130845162,10.0
22,Conch vs H-optimus,70,0.8942682378234115,10.0
22,Conch vs H-optimus,90,0.8150541621420474,10.0
22,Conch vs MUSK,10,0.9770933340660021,10.0
22,Conch vs MUSK,30,0.955994641243718,10.0
22,Conch vs MUSK,50,0.9376379459670722,10.0
22,Conch vs MUSK,70,0.92413469985356,10.0
22,Conch vs MUSK,90,0.8376057988627251,10.0
22,H-optimus vs MUSK,10,0.9652882518681762,10.0
22,H-optimus vs MUSK,30,0.931972501058598,10.0
22,H-optimus vs MUSK,50,0.9000566157125096,10.0
22,H-optimus vs MUSK,70,0.877918808596711,10.0
22,H-optimus vs MUSK,90,0.7854176119506487,10.0
23,Conch vs H-optimus,10,0.9494274142867026,10.0
23,Conch vs H-optimus,30,0.9040033160662317,10.0
23,Conch vs H-optimus,50,0.8445744052450898,10.0
23,Conch vs H-optimus,70,0.8015434898420284,10.0
23,Conch vs H-optimus,90,0.8067334940573695,10.0
23,Conch vs MUSK,10,0.9542518222371925,10.0
23,Conch vs MUSK,30,0.9135287458160942,10.0
23,Conch vs MUSK,50,0.8581902540906341,10.0
23,Conch vs MUSK,70,0.8145151254691655,10.0
23,Conch vs MUSK,90,0.8183661922791645,10.0
23,H-optimus vs MUSK,10,0.9716523497692382,10.0
23,H-optimus vs MUSK,30,0.9408394163290312,10.0
23,H-optimus vs MUSK,50,0.9193663400526452,10.0
23,H-optimus vs MUSK,70,0.90325645526644,10.0
23,H-optimus vs MUSK,90,0.8161279461278774,10.0
24,Conch vs H-optimus,10,0.930519734564493,10.0
24,Conch vs H-optimus,30,0.8535777209022323,10.0
24,Conch vs H-optimus,50,0.782454428823422,10.0
24,Conch vs H-optimus,70,0.7282426364688732,10.0
24,Conch vs H-optimus,90,0.7635966110958626,10.0
24,Conch vs MUSK,10,0.9317703670862039,10.0
24,Conch vs MUSK,30,0.8538144280741804,10.0
24,Conch vs MUSK,50,0.7895164763176185,10.0
24,Conch vs MUSK,70,0.7343977266983569,10.0
24,Conch vs MUSK,90,0.7846594102917213,10.0
24,H-optimus vs MUSK,10,0.9738305448054417,10.0
24,H-optimus vs MUSK,30,0.9329620333354018,10.0
24,H-optimus vs MUSK,50,0.9063777738947953,10.0
24,H-optimus vs MUSK,70,0.8970439637124662,10.0
24,H-optimus vs MUSK,90,0.8249254621346942,10.0
25,Conch vs H-optimus,10,0.9222772416773852,10.0
25,Conch vs H-optimus,30,0.8274401227967118,10.0
25,Conch vs H-optimus,50,0.7417859630510147,10.0
25,Conch vs H-optimus,70,0.6929863317470798,10.0
25,Conch vs H-optimus,90,0.7615799895072889,10.0
25,Conch vs MUSK,10,0.9219915894252436,10.0
25,Conch vs MUSK,30,0.8280223513396437,10.0
25,Conch vs MUSK,50,0.7365864741372657,10.0
25,Conch vs MUSK,70,0.6825760862827552,10.0
25,Conch vs MUSK,90,0.7680072558092018,10.0
25,H-optimus vs MUSK,10,0.9766430429036914,10.0
25,H-optimus vs MUSK,30,0.9464107469889269,10.0
25,H-optimus vs MUSK,50,0.9122865863884729,10.0
25,H-optimus vs MUSK,70,0.8908051363763924,10.0
25,H-optimus vs MUSK,90,0.8224328725935757,10.0
26,Conch vs H-optimus,10,0.9462727687249423,10.0
26,Conch vs H-optimus,30,0.8720970293378258,10.0
26,Conch vs H-optimus,50,0.7867956039219779,10.0
26,Conch vs H-optimus,70,0.7006624109072512,10.0
26,Conch vs H-optimus,90,0.7708889327485974,10.0
26,Conch vs MUSK,10,0.94635359855358,10.0
26,Conch vs MUSK,30,0.8729022798860872,10.0
26,Conch vs MUSK,50,0.793111648168529,10.0
26,Conch vs MUSK,70,0.7123627407381865,10.0
26,Conch vs MUSK,90,0.7764362455521491,10.0
26,H-optimus vs MUSK,10,0.9742934253231035,10.0
26,H-optimus vs MUSK,30,0.9354874747561437,10.0
26,H-optimus vs MUSK,50,0.8924879033954493,10.0
26,H-optimus vs MUSK,70,0.850935920976022,10.0
26,H-optimus vs MUSK,90,0.8389075507520822,10.0
27,Conch vs H-optimus,10,0.9533030696821447,10.0
27,Conch vs H-optimus,30,0.9132063601360686,10.0
27,Conch vs H-optimus,50,0.8766047324010825,10.0
27,Conch vs H-optimus,70,0.8377381970005978,10.0
27,Conch vs H-optimus,90,0.7762352694337888,10.0
27,Conch vs MUSK,10,0.9804591659603424,10.0
27,Conch vs MUSK,30,0.9613294264839858,10.0
27,Conch vs MUSK,50,0.942827471807508,10.0
27,Conch vs MUSK,70,0.9313003465717224,10.0
27,Conch vs MUSK,90,0.7990384140417237,10.0
27,H-optimus vs MUSK,10,0.9525610443513768,10.0
27,H-optimus vs MUSK,30,0.9135134327763613,10.0
27,H-optimus vs MUSK,50,0.8716553082143802,10.0
27,H-optimus vs MUSK,70,0.8340856012998947,10.0
27,H-optimus vs MUSK,90,0.761594537537871,10.0
28,Conch vs H-optimus,10,0.9672879101967286,10.0
28,Conch vs H-optimus,30,0.9414601977856377,10.0
28,Conch vs H-optimus,50,0.9246193093653678,10.0
28,Conch vs H-optimus,70,0.921256646507259,10.0
28,Conch vs H-optimus,90,0.8583469953562691,10.0
28,Conch vs MUSK,10,0.9759600911710221,10.0
28,Conch vs MUSK,30,0.9562861831292832,10.0
28,Conch vs MUSK,50,0.9377844002121497,10.0
28,Conch vs MUSK,70,0.9153942377180471,10.0
28,Conch vs MUSK,90,0.7892108938546797,10.0
28,H-optimus vs MUSK,10,0.9653310817725829,10.0
28,H-optimus vs MUSK,30,0.9354097754711669,10.0
28,H-optimus vs MUSK,50,0.9088998300727479,10.0
28,H-optimus vs MUSK,70,0.8858316329657945,10.0
28,H-optimus vs MUSK,90,0.7721671566203793,10.0
29,Conch vs H-optimus,10,0.938017022084346,10.0
29,Conch vs H-optimus,30,0.8316695034995604,10.0
29,Conch vs H-optimus,50,0.711094742657202,10.0
29,Conch vs H-optimus,70,0.5441344643594554,10.0
29,Conch vs H-optimus,90,0.7542895020862613,10.0
29,Conch vs MUSK,10,0.9608236040023235,10.0
29,Conch vs MUSK,30,0.9089550749642772,10.0
29,Conch vs MUSK,50,0.8632668144863123,10.0
29,Conch vs MUSK,70,0.8206072689792445,10.0
29,Conch vs MUSK,90,0.7603778888992359,10.0
29,H-optimus vs MUSK,10,0.9408860031851547,10.0
29,H-optimus vs MUSK,30,0.8466966081520011,10.0
29,H-optimus vs MUSK,50,0.7389926089339742,10.0
29,H-optimus vs MUSK,70,0.5676428517653986,10.0
29,H-optimus vs MUSK,90,0.7536565937324582,10.0
30,Conch vs H-optimus,10,0.9339444204679701,10.0
30,Conch vs H-optimus,30,0.8504262321177164,10.0
30,Conch vs H-optimus,50,0.7810431912517164,10.0
30,Conch vs H-optimus,70,0.6456065980649306,10.0
30,Conch vs H-optimus,90,0.7729676195591314,10.0
30,Conch vs MUSK,10,0.9325080276217544,10.0
30,Conch vs MUSK,30,0.8395960802109776,10.0
30,Conch vs MUSK,50,0.7632287550853953,10.0
30,Conch vs MUSK,70,0.6420058745996612,10.0
30,Conch vs MUSK,90,0.7605921725080979,10.0
30,H-optimus vs MUSK,10,0.9508029842601824,10.0
30,H-optimus vs MUSK,30,0.8743997186124811,10.0
30,H-optimus vs MUSK,50,0.7934454982569284,10.0
30,H-optimus vs MUSK,70,0.698657283493545,10.0
30,H-optimus vs MUSK,90,0.748953423212517,10.0
31,Conch vs H-optimus,10,0.9744276850242514,10.0
31,Conch vs H-optimus,30,0.9569154012795985,10.0
31,Conch vs H-optimus,50,0.9545295588314444,10.0
31,Conch vs H-optimus,70,0.7844746924920767,10.0
31,Conch vs H-optimus,90,0.7778699001622985,10.0
31,Conch vs MUSK,10,0.9838813312782492,10.0
31,Conch vs MUSK,30,0.9724186490210504,10.0
31,Conch vs MUSK,50,0.974459386237114,10.0
31,Conch vs MUSK,70,0.8380556425662568,10.0
31,Conch vs MUSK,90,0.7664790580435097,10.0
31,H-optimus vs MUSK,10,0.9736586404192448,10.0
31,H-optimus vs MUSK,30,0.9546550405307376,10.0
31,H-optimus vs MUSK,50,0.9546558747121363,10.0
31,H-optimus vs MUSK,70,0.8270132250883674,10.0
31,H-optimus vs MUSK,90,0.8025293039966559,10.0
32,Conch vs H-optimus,10,0.9431746304161389,10.0
32,Conch vs H-optimus,30,0.9170931698020323,10.0
32,Conch vs H-optimus,50,0.7462102859225447,10.0
32,Conch vs H-optimus,70,0.595830868643898,10.0
32,Conch vs H-optimus,90,0.851681451078971,10.0
32,Conch vs MUSK,10,0.9718560031053448,10.0
32,Conch vs MUSK,30,0.9048533919342621,10.0
32,Conch vs MUSK,50,0.7648312050395091,10.0
32,Conch vs MUSK,70,0.7081567267485709,10.0
32,Conch vs MUSK,90,0.737340438716013,10.0
32,H-optimus vs MUSK,10,0.9274866390679575,10.0
32,H-optimus vs MUSK,30,0.8705060242437372,10.0
32,H-optimus vs MUSK,50,0.753927930019248,10.0
32,H-optimus vs MUSK,70,0.5546115958471651,10.0
32,H-optimus vs MUSK,90,0.7377862942191291,10.0
33,Conch vs H-optimus,10,0.9897307051080243,10.0
33,Conch vs H-optimus,30,0.8541282685515896,10.0
33,Conch vs H-optimus,50,0.8541282685515896,10.0
33,Conch vs H-optimus,70,0.6594931784399426,10.0
33,Conch vs H-optimus,90,0.8618285572508901,10.0
33,Conch vs MUSK,10,0.9574187156718508,10.0
33,Conch vs MUSK,30,0.9033613886674187,10.0
33,Conch vs MUSK,50,0.9033613886674187,10.0
33,Conch vs MUSK,70,0.48495114778467746,10.0
33,Conch vs MUSK,90,0.7518390557584554,10.0
33,H-optimus vs MUSK,10,0.9569883655194953,10.0
33,H-optimus vs MUSK,30,0.8681345194455385,10.0
33,H-optimus vs MUSK,50,0.8681345194455385,10.0
33,H-optimus vs MUSK,70,0.5670903098648512,10.0
33,H-optimus vs MUSK,90,0.7425784248185775,10.0
34,Conch vs H-optimus,10,0.9535799146249947,10.0
34,Conch vs H-optimus,30,0.8542220866594931,10.0
34,Conch vs H-optimus,50,0.8542220866594931,10.0
34,Conch vs H-optimus,70,0.7221978088584996,10.0
34,Conch vs H-optimus,90,0.8910788468449651,10.0
34,Conch vs MUSK,10,0.9491882111142713,10.0
34,Conch vs MUSK,30,0.8407263813669823,10.0
34,Conch vs MUSK,50,0.8407263813669823,10.0
34,Conch vs MUSK,70,0.6302915609532789,10.0
34,Conch vs MUSK,90,0.7880658952669538,10.0
34,H-optimus vs MUSK,10,0.9638869934586732,10.0
34,H-optimus vs MUSK,30,0.9120679318075079,10.0
34,H-optimus vs MUSK,50,0.9120679318075079,10.0
34,H-optimus vs MUSK,70,0.6955450802181627,10.0
34,H-optimus vs MUSK,90,0.7755847463306099,10.0
35,Conch vs H-optimus,10,0.9732783970777011,10.0
35,Conch vs H-optimus,30,0.9239779765513269,10.0
35,Conch vs H-optimus,50,0.9036881778893152,10.0
35,Conch vs H-optimus,70,0.784774465560181,10.0
35,Conch vs H-optimus,90,0.814310612432404,10.0
35,Conch vs MUSK,10,0.9751590499089354,10.0
35,Conch vs MUSK,30,0.9420350503286963,10.0
35,Conch vs MUSK,50,0.9350949368643894,10.0
35,Conch vs MUSK,70,0.8379213952033808,10.0
35,Conch vs MUSK,90,0.7688879640707513,10.0
35,H-optimus vs MUSK,10,0.9662265154786778,10.0
35,H-optimus vs MUSK,30,0.9063339147127918,10.0
35,H-optimus vs MUSK,50,0.8697071280128276,10.0
35,H-optimus vs MUSK,70,0.7356587268779017,10.0
35,H-optimus vs MUSK,90,0.7731580369830452,10.0
36,Conch vs H-optimus,10,0.9920418829485672,10.0
36,Conch vs H-optimus,30,0.9241704837787295,10.0
36,Conch vs H-optimus,50,0.7702147977478638,10.0
36,Conch vs H-optimus,70,0.651321101207892,10.0
36,Conch vs H-optimus,90,0.7669251086307602,10.0
36,Conch vs MUSK,10,0.9807205124261256,10.0
36,Conch vs MUSK,30,0.9547279195722314,10.0
36,Conch vs MUSK,50,0.9258509199464615,10.0
36,Conch vs MUSK,70,0.7846611101709049,10.0
36,Conch vs MUSK,90,0.7642243143675157,10.0
36,H-optimus vs MUSK,10,0.9818561916068658,10.0
36,H-optimus vs MUSK,30,0.9197299819925033,10.0
36,H-optimus vs MUSK,50,0.7691407925733061,10.0
36,H-optimus vs MUSK,70,0.6018948492126874,10.0
36,H-optimus vs MUSK,90,0.7936885818103,10.0
37,Conch vs H-optimus,10,0.9637784645497732,10.0
37,Conch vs H-optimus,30,0.8916234062963928,10.0
37,Conch vs H-optimus,50,0.7801994062245335,10.0
37,Conch vs H-optimus,70,0.6001836547290953,10.0
37,Conch vs H-optimus,90,0.8012534750209076,10.0
37,Conch vs MUSK,10,0.9640678976457895,10.0
37,Conch vs MUSK,30,0.9034749930162718,10.0
37,Conch vs MUSK,50,0.8044478834150767,10.0
37,Conch vs MUSK,70,0.6724278590547274,10.0
37,Conch vs MUSK,90,0.7295889870880237,10.0
37,H-optimus vs MUSK,10,0.9599269414684786,10.0
37,H-optimus vs MUSK,30,0.9065266067610106,10.0
37,H-optimus vs MUSK,50,0.8382730309706538,10.0
37,H-optimus vs MUSK,70,0.5827917558147847,10.0
37,H-optimus vs MUSK,90,0.7373438146461947,10.0
38,Conch vs H-optimus,10,0.9768285772127969,10.0
38,Conch vs H-optimus,30,0.8759819365148308,10.0
38,Conch vs H-optimus,50,0.7891419786552869,10.0
38,Conch vs H-optimus,70,0.7019552292506749,10.0
38,Conch vs H-optimus,90,0.8409348279200374,10.0
38,Conch vs MUSK,10,0.9605188780641771,10.0
38,Conch vs MUSK,30,0.8541074604128117,10.0
38,Conch vs MUSK,50,0.7288565256711115,10.0
38,Conch vs MUSK,70,0.5284169303288968,10.0
38,Conch vs MUSK,90,0.7164476432219969,10.0
38,H-optimus vs MUSK,10,0.9413302827259273,10.0
38,H-optimus vs MUSK,30,0.8445780191134636,10.0
38,H-optimus vs MUSK,50,0.6916466004380182,10.0
38,H-optimus vs MUSK,70,0.37677113733451,10.0
38,H-optimus vs MUSK,90,0.7150312314336983,10.0
39,Conch vs H-optimus,10,0.9197740627289898,10.0
39,Conch vs H-optimus,30,0.8501862389848936,10.0
39,Conch vs H-optimus,50,0.6540630292015918,10.0
39,Conch vs H-optimus,70,0.5122929451948404,10.0
39,Conch vs H-optimus,90,0.805212826428528,10.0
39,Conch vs MUSK,10,0.9656639393029373,10.0
39,Conch vs MUSK,30,0.9059460892699749,10.0
39,Conch vs MUSK,50,0.7161125249892439,10.0
39,Conch vs MUSK,70,0.7010105335672928,10.0
39,Conch vs MUSK,90,0.7446605036658605,10.0
39,H-optimus vs MUSK,10,0.9196781475530618,10.0
39,H-optimus vs MUSK,30,0.7962317184493348,10.0
39,H-optimus vs MUSK,50,0.5188801850788355,10.0
39,H-optimus vs MUSK,70,0.32241937238609353,10.0
39,H-optimus vs MUSK,90,0.7405627315509545,10.0
40,Conch vs H-optimus,10,0.9200999637649944,10.0
40,Conch vs H-optimus,30,0.755848022383166,10.0
40,Conch vs H-optimus,50,0.619636452228515,10.0
40,Conch vs H-optimus,70,0.5988786725967824,10.0
40,Conch vs H-optimus,90,0.7631054852320032,10.0
40,Conch vs MUSK,10,0.9587607584830625,10.0
40,Conch vs MUSK,30,0.9183716204003619,10.0
40,Conch vs MUSK,50,0.8155774149025871,10.0
40,Conch vs MUSK,70,0.5070488958363557,10.0
40,Conch vs MUSK,90,0.758558679685992,10.0
40,H-optimus vs MUSK,10,0.9249315334183038,10.0
40,H-optimus vs MUSK,30,0.7136110910865471,10.0
40,H-optimus vs MUSK,50,0.5398080425153013,10.0
40,H-optimus vs MUSK,70,0.3860492539344085,10.0
40,H-optimus vs MUSK,90,0.7496413804741583,10.0
41,Conch vs H-optimus,10,0.9425079666921612,10.0
41,Conch vs H-optimus,30,0.7434013836892855,10.0
41,Conch vs H-optimus,50,0.580150304264923,10.0
41,Conch vs H-optimus,70,0.5983168333529928,10.0
41,Conch vs H-optimus,90,0.7590002874680184,10.0
41,Conch vs MUSK,10,0.9404223419274588,10.0
41,Conch vs MUSK,30,0.9067380457765967,10.0
41,Conch vs MUSK,50,0.6533615572825195,10.0
41,Conch vs MUSK,70,0.38865934084068104,10.0
41,Conch vs MUSK,90,0.7481234710149748,10.0
41,H-optimus vs MUSK,10,0.9285457054560967,10.0
41,H-optimus vs MUSK,30,0.700344376639916,10.0
41,H-optimus vs MUSK,50,0.38994102621525284,10.0
41,H-optimus vs MUSK,70,0.2701836624439929,10.0
41,H-optimus vs MUSK,90,0.7462214675844371,10.0
42,Conch vs H-optimus,10,0.9208615447314685,10.0
42,Conch vs H-optimus,30,0.8264852120452344,10.0
42,Conch vs H-optimus,50,0.5792553540016938,10.0
42,Conch vs H-optimus,70,0.4392590544650147,10.0
42,Conch vs H-optimus,90,0.7552207220552118,10.0
42,Conch vs MUSK,10,0.9603688164938023,10.0
42,Conch vs MUSK,30,0.9119464059387904,10.0
42,Conch vs MUSK,50,0.9043947232193758,10.0
42,Conch vs MUSK,70,0.7544002073562381,10.0
42,Conch vs MUSK,90,0.7759392184023192,10.0
42,H-optimus vs MUSK,10,0.9273828505792205,10.0
42,H-optimus vs MUSK,30,0.8313870128249483,10.0
42,H-optimus vs MUSK,50,0.5970977300162824,10.0
42,H-optimus vs MUSK,70,0.4523753968607572,10.0
42,H-optimus vs MUSK,90,0.7810644967650919,10.0
43,Conch vs H-optimus,10,0.9525832319739599,10.0
43,Conch vs H-optimus,30,0.9033988183288671,10.0
43,Conch vs H-optimus,50,0.8624491697284348,10.0
43,Conch vs H-optimus,70,0.8252323518774484,10.0
43,Conch vs H-optimus,90,0.7769864544057414,10.0
43,Conch vs MUSK,10,0.9576046345824848,10.0
43,Conch vs MUSK,30,0.91324731586937,10.0
43,Conch vs MUSK,50,0.8684288086990443,10.0
43,Conch vs MUSK,70,0.8273485155407212,10.0
43,Conch vs MUSK,90,0.7683441391375281,10.0
43,H-optimus vs MUSK,10,0.974816935763871,10.0
43,H-optimus vs MUSK,30,0.9412568661167466,10.0
43,H-optimus vs MUSK,50,0.9095939745476425,10.0
43,H-optimus vs MUSK,70,0.8880838141859373,10.0
43,H-optimus vs MUSK,90,0.8179313413422992,10.0
44,Conch vs H-optimus,10,0.9750297288531937,10.0
44,Conch vs H-optimus,30,0.9483287702129407,10.0
44,Conch vs H-optimus,50,0.9258967091576566,10.0
44,Conch vs H-optimus,70,0.9104533971857435,10.0
44,Conch vs H-optimus,90,0.8513693534713196,10.0
44,Conch vs MUSK,10,0.9790610154124125,10.0
44,Conch vs MUSK,30,0.9587053233665103,10.0
44,Conch vs MUSK,50,0.9346957860763868,10.0
44,Conch vs MUSK,70,0.912147435710127,10.0
44,Conch vs MUSK,90,0.8254886387180723,10.0
44,H-optimus vs MUSK,10,0.9720162589065526,10.0
44,H-optimus vs MUSK,30,0.9396525253137806,10.0
44,H-optimus vs MUSK,50,0.9046107843551936,10.0
44,H-optimus vs MUSK,70,0.8747371530346687,10.0
44,H-optimus vs MUSK,90,0.8104116308829082,10.0
45,Conch vs H-optimus,10,0.9405989626321597,10.0
45,Conch vs H-optimus,30,0.8697730727523796,10.0
45,Conch vs H-optimus,50,0.7901633685951465,10.0
45,Conch vs H-optimus,70,0.6891179865495083,10.0
45,Conch vs H-optimus,90,0.7667924398565699,10.0
45,Conch vs MUSK,10,0.9435648581530015,10.0
45,Conch vs MUSK,30,0.872245392236404,10.0
45,Conch vs MUSK,50,0.7941600471484818,10.0
45,Conch vs MUSK,70,0.6865814172943395,10.0
45,Conch vs MUSK,90,0.7751509229855903,10.0
45,H-optimus vs MUSK,10,0.975703415102196,10.0
45,H-optimus vs MUSK,30,0.9421882477085493,10.0
45,H-optimus vs MUSK,50,0.9095702368082739,10.0
45,H-optimus vs MUSK,70,0.8887914921772909,10.0
45,H-optimus vs MUSK,90,0.7874889428980525,10.0
46,Conch vs H-optimus,10,0.948470665825866,10.0
46,Conch vs H-optimus,30,0.8974445345168491,10.0
46,Conch vs H-optimus,50,0.8540669159256465,10.0
46,Conch vs H-optimus,70,0.7609832150971171,10.0
46,Conch vs H-optimus,90,0.7764138002881621,10.0
46,Conch vs MUSK,10,0.9515750263961368,10.0
46,Conch vs MUSK,30,0.9035840359025404,10.0
46,Conch vs MUSK,50,0.8614793435007453,10.0
46,Conch vs MUSK,70,0.7768392590966116,10.0
46,Conch vs MUSK,90,0.7670571311137856,10.0
46,H-optimus vs MUSK,10,0.9718350998452702,10.0
46,H-optimus vs MUSK,30,0.9321276854284972,10.0
46,H-optimus vs MUSK,50,0.8945360475881947,10.0
46,H-optimus vs MUSK,70,0.8586536751077123,10.0
46,H-optimus vs MUSK,90,0.7803601766903856,10.0
47,Conch vs H-optimus,10,0.9452535146941548,10.0
47,Conch vs H-optimus,30,0.8804697049812018,10.0
47,Conch vs H-optimus,50,0.8298428472421925,10.0
47,Conch vs H-optimus,70,0.782730584341975,10.0
47,Conch vs H-optimus,90,0.7605020403963547,10.0
47,Conch vs MUSK,10,0.9610071380036244,10.0
47,Conch vs MUSK,30,0.9329699159951718,10.0
47,Conch vs MUSK,50,0.9173069485846332,10.0
47,Conch vs MUSK,70,0.8996019812740326,10.0
47,Conch vs MUSK,90,0.7482916379517301,10.0
47,H-optimus vs MUSK,10,0.9519215992470627,10.0
47,H-optimus vs MUSK,30,0.8877906848698156,10.0
47,H-optimus vs MUSK,50,0.8376387880535288,10.0
47,H-optimus vs MUSK,70,0.7921713542735694,10.0
47,H-optimus vs MUSK,90,0.7405610437246684,10.0
48,Conch vs H-optimus,10,0.9239592583309099,10.0
48,Conch vs H-optimus,30,0.8253731379092661,10.0
48,Conch vs H-optimus,50,0.7406245106955578,10.0
48,Conch vs H-optimus,70,0.6602290553659987,10.0
48,Conch vs H-optimus,90,0.7611831706765715,10.0
48,Conch vs MUSK,10,0.9296011671881239,10.0
48,Conch vs MUSK,30,0.8317330444245226,10.0
48,Conch vs MUSK,50,0.7469722455144099,10.0
48,Conch vs MUSK,70,0.6992478307041147,10.0
48,Conch vs MUSK,90,0.7423720695947398,10.0
48,H-optimus vs MUSK,10,0.9563085232696114,10.0
48,H-optimus vs MUSK,30,0.8742592818715194,10.0
48,H-optimus vs MUSK,50,0.7879113698958573,10.0
48,H-optimus vs MUSK,70,0.7261210525730968,10.0
48,H-optimus vs MUSK,90,0.7383423113783719,10.0
49,Conch vs H-optimus,10,0.9706020008190392,10.0
49,Conch vs H-optimus,30,0.9385418102736147,10.0
49,Conch vs H-optimus,50,0.9174892271843172,10.0
49,Conch vs H-optimus,70,0.9128141287292888,10.0
49,Conch vs H-optimus,90,0.7841679968075964,10.0
49,Conch vs MUSK,10,0.970900767084122,10.0
49,Conch vs MUSK,30,0.9393757712926623,10.0
49,Conch vs MUSK,50,0.9218407596785816,10.0
49,Conch vs MUSK,70,0.9105210110982318,10.0
49,Conch vs MUSK,90,0.7977843603923773,10.0
49,H-optimus vs MUSK,10,0.9685388538153548,10.0
49,H-optimus vs MUSK,30,0.9364745751665816,10.0
49,H-optimus vs MUSK,50,0.911173979872461,10.0
49,H-optimus vs MUSK,70,0.9000480524375563,10.0
49,H-optimus vs MUSK,90,0.805064850735019,10.0
50,Conch vs H-optimus,10,0.9149257560843538,10.0
50,Conch vs H-optimus,30,0.8186316246429304,10.0
50,Conch vs H-optimus,50,0.7676872686318874,10.0
50,Conch vs H-optimus,70,0.5462484162454772,10.0
50,Conch vs H-optimus,90,0.7450499966888994,10.0
50,Conch vs MUSK,10,0.9173884133199826,10.0
50,Conch vs MUSK,30,0.824135829718619,10.0
50,Conch vs MUSK,50,0.7808921909441802,10.0
50,Conch vs MUSK,70,0.559697675263638,10.0
50,Conch vs MUSK,90,0.7178340350010969,10.0
50,H-optimus vs MUSK,10,0.9707432704649916,10.0
50,H-optimus vs MUSK,30,0.9346582665230824,10.0
50,H-optimus vs MUSK,50,0.9205514819958465,10.0
50,H-optimus vs MUSK,70,0.9297957634026518,10.0
50,H-optimus vs MUSK,90,0.7438144289240424,10.0
51,Conch vs H-optimus,10,0.9366794719221835,10.0
51,Conch vs H-optimus,30,0.8478340726659395,10.0
51,Conch vs H-optimus,50,0.7831559222164588,10.0
51,Conch vs H-optimus,70,0.6817113119569499,10.0
51,Conch vs H-optimus,90,0.7709110236692325,10.0
51,Conch vs MUSK,10,0.9405938063042716,10.0
51,Conch vs MUSK,30,0.8613301816360025,10.0
51,Conch vs MUSK,50,0.8005584984852708,10.0
51,Conch vs MUSK,70,0.6998496146907274,10.0
51,Conch vs MUSK,90,0.7600664880083483,10.0
51,H-optimus vs MUSK,10,0.9627973735753375,10.0
51,H-optimus vs MUSK,30,0.9170270358098296,10.0
51,H-optimus vs MUSK,50,0.8770029613402959,10.0
51,H-optimus vs MUSK,70,0.8562108744550191,10.0
51,H-optimus vs MUSK,90,0.7578804463110808,10.0
52,Conch vs H-optimus,10,0.9328263220041639,10.0
52,Conch vs H-optimus,30,0.8703875905743742,10.0
52,Conch vs H-optimus,50,0.8355751375805929,10.0
52,Conch vs H-optimus,70,0.7740580550476827,10.0
52,Conch vs H-optimus,90,0.7697454545453923,10.0
52,Conch vs MUSK,10,0.9325515559799414,10.0
52,Conch vs MUSK,30,0.8698524480214517,10.0
52,Conch vs MUSK,50,0.8319050824979645,10.0
52,Conch vs MUSK,70,0.7490367780675611,10.0
52,Conch vs MUSK,90,0.7647550134380182,10.0
52,H-optimus vs MUSK,10,0.9636179068880973,10.0
52,H-optimus vs MUSK,30,0.9288175238231515,10.0
52,H-optimus vs MUSK,50,0.9113869459156978,10.0
52,H-optimus vs MUSK,70,0.8964469430155183,10.0
52,H-optimus vs MUSK,90,0.7373029911241314,10.0
53,Conch vs H-optimus,10,0.918528860175332,10.0
53,Conch vs H-optimus,30,0.7700351243592086,10.0
53,Conch vs H-optimus,50,0.6310305549781645,10.0
53,Conch vs H-optimus,70,0.43204411476799415,10.0
53,Conch vs H-optimus,90,0.7411744101678183,10.0
53,Conch vs MUSK,10,0.9257426155759306,10.0
53,Conch vs MUSK,30,0.8219747048844223,10.0
53,Conch vs MUSK,50,0.7555792535462946,10.0
53,Conch vs MUSK,70,0.6646721037245675,10.0
53,Conch vs MUSK,90,0.7308967501797934,10.0
53,H-optimus vs MUSK,10,0.9383541457754393,10.0
53,H-optimus vs MUSK,30,0.8177840163414442,10.0
53,H-optimus vs MUSK,50,0.6878787378976944,10.0
53,H-optimus vs MUSK,70,0.45260337541086504,10.0
53,H-optimus vs MUSK,90,0.6990032388853922,10.0
54,Conch vs H-optimus,10,0.9519223985549664,10.0
54,Conch vs H-optimus,30,0.9004271433797608,10.0
54,Conch vs H-optimus,50,0.8769653610009681,10.0
54,Conch vs H-optimus,70,0.8794032614486725,10.0
54,Conch vs H-optimus,90,0.7720555536550497,10.0
54,Conch vs MUSK,10,0.9620882992264856,10.0
54,Conch vs MUSK,30,0.9162813927820381,10.0
54,Conch vs MUSK,50,0.8934799457469328,10.0
54,Conch vs MUSK,70,0.8926256491300448,10.0
54,Conch vs MUSK,90,0.7675623261628887,10.0
54,H-optimus vs MUSK,10,0.967348317617105,10.0
54,H-optimus vs MUSK,30,0.9272697868326756,10.0
54,H-optimus vs MUSK,50,0.9073258173851075,10.0
54,H-optimus vs MUSK,70,0.8986688463334628,10.0
54,H-optimus vs MUSK,90,0.7791332771861296,10.0
55,Conch vs H-optimus,10,0.929503728999278,10.0
55,Conch vs H-optimus,30,0.8106291421930361,10.0
55,Conch vs H-optimus,50,0.6941474987245576,10.0
55,Conch vs H-optimus,70,0.573293027348446,10.0
55,Conch vs H-optimus,90,0.7784819303826496,10.0
55,Conch vs MUSK,10,0.9535366040071546,10.0
55,Conch vs MUSK,30,0.8921435762409866,10.0
55,Conch vs MUSK,50,0.8401780059616656,10.0
55,Conch vs MUSK,70,0.7814009798485879,10.0
55,Conch vs MUSK,90,0.7487891346681357,10.0
55,H-optimus vs MUSK,10,0.9291052007165491,10.0
55,H-optimus vs MUSK,30,0.8182164015458885,10.0
55,H-optimus vs MUSK,50,0.7168584868572546,10.0
55,H-optimus vs MUSK,70,0.613477256951805,10.0
55,H-optimus vs MUSK,90,0.7497614206878761,10.0
56,Conch vs H-optimus,10,0.9171182520017193,10.0
56,Conch vs H-optimus,30,0.8005582060899623,10.0
56,Conch vs H-optimus,50,0.7069691627024931,10.0
56,Conch vs H-optimus,70,0.552521030859498,10.0
56,Conch vs H-optimus,90,0.7436671391644506,10.0
56,Conch vs MUSK,10,0.915300872314746,10.0
56,Conch vs MUSK,30,0.7989290043094278,10.0
56,Conch vs MUSK,50,0.7368613941215152,10.0
56,Conch vs MUSK,70,0.5925308966427959,10.0
56,Conch vs MUSK,90,0.7252474657125243,10.0
56,H-optimus vs MUSK,10,0.9483810868657059,10.0
56,H-optimus vs MUSK,30,0.8559765206849923,10.0
56,H-optimus vs MUSK,50,0.778936896906178,10.0
56,H-optimus vs MUSK,70,0.7606420674992413,10.0
56,H-optimus vs MUSK,90,0.7235783357872798,10.0
57,Conch vs H-optimus,10,0.9476850550186899,10.0
57,Conch vs H-optimus,30,0.8792183827000746,10.0
57,Conch vs H-optimus,50,0.8160495032043733,10.0
57,Conch vs H-optimus,70,0.6378535717654497,10.0
57,Conch vs H-optimus,90,0.7849374565669923,10.0
57,Conch vs MUSK,10,0.9520802384553352,10.0
57,Conch vs MUSK,30,0.8961578464890471,10.0
57,Conch vs MUSK,50,0.8431656638314411,10.0
57,Conch vs MUSK,70,0.7505859710992401,10.0
57,Conch vs MUSK,90,0.7702779353374267,10.0
57,H-optimus vs MUSK,10,0.9532168258797816,10.0
57,H-optimus vs MUSK,30,0.8917866181587994,10.0
57,H-optimus vs MUSK,50,0.8311820518732831,10.0
57,H-optimus vs MUSK,70,0.6605876800096218,10.0
57,H-optimus vs MUSK,90,0.7699322115549387,10.0
58,Conch vs H-optimus,10,0.9365477522073259,10.0
58,Conch vs H-optimus,30,0.8470096051227218,10.0
58,Conch vs H-optimus,50,0.778624163412668,10.0
58,Conch vs H-optimus,70,0.5748577246755447,10.0
58,Conch vs H-optimus,90,0.7861912691191195,10.0
58,Conch vs MUSK,10,0.9629655078953253,10.0
58,Conch vs MUSK,30,0.9131974300108378,10.0
58,Conch vs MUSK,50,0.8679520888109697,10.0
58,Conch vs MUSK,70,0.7947707979626261,10.0
58,Conch vs MUSK,90,0.759698713608602,10.0
58,H-optimus vs MUSK,10,0.9393554033434552,10.0
58,H-optimus vs MUSK,30,0.8592612073648116,10.0
58,H-optimus vs MUSK,50,0.7992605794732512,10.0
58,H-optimus vs MUSK,70,0.6106773976434465,10.0
58,H-optimus vs MUSK,90,0.7578925928439848,10.0
59,Conch vs H-optimus,10,0.9317600933251173,10.0
59,Conch vs H-optimus,30,0.7485902995121698,10.0
59,Conch vs H-optimus,50,0.6243379919349471,10.0
59,Conch vs H-optimus,70,0.6568114710336608,10.0
59,Conch vs H-optimus,90,0.7675664880337544,10.0
59,Conch vs MUSK,10,0.9479314253329467,10.0
59,Conch vs MUSK,30,0.8924266395552876,10.0
59,Conch vs MUSK,50,0.7184878318402362,10.0
59,Conch vs MUSK,70,0.43017324980996435,10.0
59,Conch vs MUSK,90,0.7383386634409238,10.0
59,H-optimus vs MUSK,10,0.9384612452592775,10.0
59,H-optimus vs MUSK,30,0.6569001594555907,10.0
59,H-optimus vs MUSK,50,0.40397332962238536,10.0
59,H-optimus vs MUSK,70,0.3233975962613155,10.0
59,H-optimus vs MUSK,90,0.7375010350251936,10.0
60,Conch vs H-optimus,10,0.9443217553607838,10.0
60,Conch vs H-optimus,30,0.8480241531889664,10.0
60,Conch vs H-optimus,50,0.8480241531889664,10.0
60,Conch vs H-optimus,70,0.6599021599870695,10.0
60,Conch vs H-optimus,90,0.7883290337327509,10.0
60,Conch vs MUSK,10,0.9383932538303433,10.0
60,Conch vs MUSK,30,0.8134303067057799,10.0
60,Conch vs MUSK,50,0.8134303067057799,10.0
60,Conch vs MUSK,70,0.4914463771383931,10.0
60,Conch vs MUSK,90,0.7290149796476033,10.0
60,H-optimus vs MUSK,10,0.9344983841818891,10.0
60,H-optimus vs MUSK,30,0.8452486973436224,10.0
60,H-optimus vs MUSK,50,0.8452486973436224,10.0
60,H-optimus vs MUSK,70,0.5714882299468165,10.0
60,H-optimus vs MUSK,90,0.7308917849623832,10.0
61,Conch vs H-optimus,10,0.9788515757607934,10.0
61,Conch vs H-optimus,30,0.9361124610439033,10.0
61,Conch vs H-optimus,50,0.69863838735218,10.0
61,Conch vs H-optimus,70,0.6434882449675872,10.0
61,Conch vs H-optimus,90,0.8064505544982605,10.0
61,Conch vs MUSK,10,0.9665970018940027,10.0
61,Conch vs MUSK,30,0.8794011601759236,10.0
61,Conch vs MUSK,50,0.7564030166132236,10.0
61,Conch vs MUSK,70,0.5452784124970559,10.0
61,Conch vs MUSK,90,0.7388113491906871,10.0
61,H-optimus vs MUSK,10,0.9729854356335574,10.0
61,H-optimus vs MUSK,30,0.8929325322115136,10.0
61,H-optimus vs MUSK,50,0.7179467147778148,10.0
61,H-optimus vs MUSK,70,0.5256789762445075,10.0
61,H-optimus vs MUSK,90,0.7410506058678066,10.0
62,Conch vs H-optimus,10,0.9389453653869494,10.0
62,Conch vs H-optimus,30,0.8297260674232136,10.0
62,Conch vs H-optimus,50,0.7276275555172977,10.0
62,Conch vs H-optimus,70,0.6115639632694783,10.0
62,Conch vs H-optimus,90,0.7697520255339414,10.0
62,Conch vs MUSK,10,0.9642511538213328,10.0
62,Conch vs MUSK,30,0.9642511538213328,10.0
62,Conch vs MUSK,50,0.7594987265261581,10.0
62,Conch vs MUSK,70,0.5806684551303914,10.0
62,Conch vs MUSK,90,0.725624725640925,10.0
62,H-optimus vs MUSK,10,0.9296210769392169,10.0
62,H-optimus vs MUSK,30,0.8168931451612821,10.0
62,H-optimus vs MUSK,50,0.706862649577941,10.0
62,H-optimus vs MUSK,70,0.48161697158744277,10.0
62,H-optimus vs MUSK,90,0.7191020328887157,10.0
63,Conch vs H-optimus,10,0.9428173895378638,10.0
63,Conch vs H-optimus,30,0.9428173895378638,10.0
63,Conch vs H-optimus,50,0.7154566029158955,10.0
63,Conch vs H-optimus,70,0.6019519817451138,10.0
63,Conch vs H-optimus,90,0.8082408874801238,10.0
63,Conch vs MUSK,10,0.9816591552538769,10.0
63,Conch vs MUSK,30,0.9816591552538769,10.0
63,Conch vs MUSK,50,0.6901786910926819,10.0
63,Conch vs MUSK,70,0.697763252408646,10.0
63,Conch vs MUSK,90,0.7261688900400914,10.0
63,H-optimus vs MUSK,10,0.9395609307216954,10.0
63,H-optimus vs MUSK,30,0.9395609307216954,10.0
63,H-optimus vs MUSK,50,0.6992652663121967,10.0
63,H-optimus vs MUSK,70,0.5586700558038866,10.0
63,H-optimus vs MUSK,90,0.7357873110996829,10.0
64,Conch vs H-optimus,10,0.9890745261433279,10.0
64,Conch vs H-optimus,30,0.955776688539867,10.0
64,Conch vs H-optimus,50,0.9232938903902645,10.0
64,Conch vs H-optimus,70,0.874798497573983,10.0
64,Conch vs H-optimus,90,0.8891245847320908,10.0
64,Conch vs MUSK,10,0.9821434525198643,10.0
64,Conch vs MUSK,30,0.9145274691256582,10.0
64,Conch vs MUSK,50,0.9485257874035431,10.0
64,Conch vs MUSK,70,0.8686114553666519,10.0
64,Conch vs MUSK,90,0.7942926543699994,10.0
64,H-optimus vs MUSK,10,0.9782179268926046,10.0
64,H-optimus vs MUSK,30,0.9299100730279325,10.0
64,H-optimus vs MUSK,50,0.9052913691912451,10.0
64,H-optimus vs MUSK,70,0.8332181344057142,10.0
64,H-optimus vs MUSK,90,0.7991527360297422,10.0
65,Conch vs H-optimus,10,0.9767039276977356,10.0
65,Conch vs H-optimus,30,0.8771364788618762,10.0
65,Conch vs H-optimus,50,0.7250012513138705,10.0
65,Conch vs H-optimus,70,0.6592688297401458,10.0
65,Conch vs H-optimus,90,0.8560941736656921,10.0
65,Conch vs MUSK,10,0.9557900348835483,10.0
65,Conch vs MUSK,30,0.8685477405761575,10.0
65,Conch vs MUSK,50,0.8685477405761575,10.0
65,Conch vs MUSK,70,0.6173369816509782,10.0
65,Conch vs MUSK,90,0.759315320872263,10.0
65,H-optimus vs MUSK,10,0.9546643402276285,10.0
65,H-optimus vs MUSK,30,0.9472338652233022,10.0
65,H-optimus vs MUSK,50,0.7144285254385305,10.0
65,H-optimus vs MUSK,70,0.6605189121600384,10.0
65,H-optimus vs MUSK,90,0.7664034738202455,10.0
66,Conch vs H-optimus,10,0.9798942442826841,10.0
66,Conch vs H-optimus,30,0.8205241908861223,10.0
66,Conch vs H-optimus,50,0.8733230457812201,10.0
66,Conch vs H-optimus,70,0.7360612435934134,10.0
66,Conch vs H-optimus,90,0.796386606879783,10.0
66,Conch vs MUSK,10,0.9804303351696712,10.0
66,Conch vs MUSK,30,0.9804303351696712,10.0
66,Conch vs MUSK,50,0.9022280247630865,10.0
66,Conch vs MUSK,70,0.8326793648232034,10.0
66,Conch vs MUSK,90,0.7480132025891858,10.0
66,H-optimus vs MUSK,10,0.969663622962894,10.0
66,H-optimus vs MUSK,30,0.8043967298499739,10.0
66,H-optimus vs MUSK,50,0.8446357614293741,10.0
66,H-optimus vs MUSK,70,0.6518579662906172,10.0
66,H-optimus vs MUSK,90,0.7337864077669309,10.0
67,Conch vs H-optimus,10,0.929837751497342,10.0
67,Conch vs H-optimus,30,0.8418201774576726,10.0
67,Conch vs H-optimus,50,0.6295106733779207,10.0
67,Conch vs H-optimus,70,0.5966228305833469,10.0
67,Conch vs H-optimus,90,0.7847784459299909,10.0
67,Conch vs MUSK,10,0.9410066652723933,10.0
67,Conch vs MUSK,30,0.9019891315273294,10.0
67,Conch vs MUSK,50,0.7545243983825902,10.0
67,Conch vs MUSK,70,0.528963475417667,10.0
67,Conch vs MUSK,90,0.749231185157586,10.0
67,H-optimus vs MUSK,10,0.9204189679156128,10.0
67,H-optimus vs MUSK,30,0.7888790708713446,10.0
67,H-optimus vs MUSK,50,0.49452558976209926,10.0
67,H-optimus vs MUSK,70,0.36680841958863925,10.0
67,H-optimus vs MUSK,90,0.7494987616463574,10.0
68,Conch vs H-optimus,10,0.9468866518058984,10.0
68,Conch vs H-optimus,30,0.8935351701464598,10.0
68,Conch vs H-optimus,50,0.7799822896741114,10.0
68,Conch vs H-optimus,70,0.5963244613434574,10.0
68,Conch vs H-optimus,90,0.7717529894206578,10.0
68,Conch vs MUSK,10,0.952240108379859,10.0
68,Conch vs MUSK,30,0.9190154608635255,10.0
68,Conch vs MUSK,50,0.8855809332735393,10.0
68,Conch vs MUSK,70,0.6127569556649183,10.0
68,Conch vs MUSK,90,0.7693509492917867,10.0
68,H-optimus vs MUSK,10,0.9615738693890427,10.0
68,H-optimus vs MUSK,30,0.9156691251873359,10.0
68,H-optimus vs MUSK,50,0.8191841125361883,10.0
68,H-optimus vs MUSK,70,0.5639302774055144,10.0
68,H-optimus vs MUSK,90,0.7728270300616911,10.0
69,Conch vs H-optimus,10,0.9120827395523811,10.0
69,Conch vs H-optimus,30,0.7541729550346361,10.0
69,Conch vs H-optimus,50,0.535489709107233,10.0
69,Conch vs H-optimus,70,0.37786739016296866,10.0
69,Conch vs H-optimus,90,0.7394577188337105,10.0
69,Conch vs MUSK,10,0.944844850888714,10.0
69,Conch vs MUSK,30,0.8425013582991385,10.0
69,Conch vs MUSK,50,0.7625789069667793,10.0
69,Conch vs MUSK,70,0.5927137757651902,10.0
69,Conch vs MUSK,90,0.7864752123115133,10.0
69,H-optimus vs MUSK,10,0.9205997584579038,10.0
69,H-optimus vs MUSK,30,0.7797207401844318,10.0
69,H-optimus vs MUSK,50,0.589865624756,10.0
69,H-optimus vs MUSK,70,0.46952220434917374,10.0
69,H-optimus vs MUSK,90,0.7335248269560963,10.0
70,Conch vs H-optimus,10,0.9416301177558896,10.0
70,Conch vs H-optimus,30,0.8752929756570962,10.0
70,Conch vs H-optimus,50,0.8258401302840739,10.0
70,Conch vs H-optimus,70,0.7914481420999316,10.0
70,Conch vs H-optimus,90,0.7591627962672449,10.0
70,Conch vs MUSK,10,0.9471486407669142,10.0
70,Conch vs MUSK,30,0.8874723239755617,10.0
70,Conch vs MUSK,50,0.8501013611352303,10.0
70,Conch vs MUSK,70,0.836493279577469,10.0
70,Conch vs MUSK,90,0.7639740785073873,10.0
70,H-optimus vs MUSK,10,0.9688275799022311,10.0
70,H-optimus vs MUSK,30,0.9244300808681679,10.0
70,H-optimus vs MUSK,50,0.8774230087529256,10.0
70,H-optimus vs MUSK,70,0.8399216090534508,10.0
70,H-optimus vs MUSK,90,0.7479848034356832,10.0
71,Conch vs H-optimus,10,0.9300353451099495,10.0
71,Conch vs H-optimus,30,0.8364802218911611,10.0
71,Conch vs H-optimus,50,0.7153789413889168,10.0
71,Conch vs H-optimus,70,0.5950518925862737,10.0
71,Conch vs H-optimus,90,0.7633640118600131,10.0
71,Conch vs MUSK,10,0.9680334136177604,10.0
71,Conch vs MUSK,30,0.906014468330367,10.0
71,Conch vs MUSK,50,0.8603416939294656,10.0
71,Conch vs MUSK,70,0.8211873302754152,10.0
71,Conch vs MUSK,90,0.7590964017185184,10.0
71,H-optimus vs MUSK,10,0.9398578218056121,10.0
71,H-optimus vs MUSK,30,0.8653205325817189,10.0
71,H-optimus vs MUSK,50,0.7474456771036723,10.0
71,H-optimus vs MUSK,70,0.6391827427579414,10.0
71,H-optimus vs MUSK,90,0.7861522482073992,10.0
72,Conch vs H-optimus,10,0.9199612665424055,10.0
72,Conch vs H-optimus,30,0.8021921458200769,10.0
72,Conch vs H-optimus,50,0.6870380569664463,10.0
72,Conch vs H-optimus,70,0.5838251992759569,10.0
72,Conch vs H-optimus,90,0.7547847486655287,10.0
72,Conch vs MUSK,10,0.9194361029433277,10.0
72,Conch vs MUSK,30,0.7992880313946469,10.0
72,Conch vs MUSK,50,0.6803523837474501,10.0
72,Conch vs MUSK,70,0.5769176398193698,10.0
72,Conch vs MUSK,90,0.7435349591099369,10.0
72,H-optimus vs MUSK,10,0.9806345313526122,10.0
72,H-optimus vs MUSK,30,0.9437674185854137,10.0
72,H-optimus vs MUSK,50,0.9071014984937188,10.0
72,H-optimus vs MUSK,70,0.8668257169147738,10.0
72,H-optimus vs MUSK,90,0.7817405772986422,10.0
73,Conch vs H-optimus,10,0.9342016204056973,10.0
73,Conch vs H-optimus,30,0.8403971401988046,10.0
73,Conch vs H-optimus,50,0.734307866035021,10.0
73,Conch vs H-optimus,70,0.5703625361540092,10.0
73,Conch vs H-optimus,90,0.7689275402409474,10.0
73,Conch vs MUSK,10,0.9669052315350029,10.0
73,Conch vs MUSK,30,0.9170478478546452,10.0
73,Conch vs MUSK,50,0.876476304380311,10.0
73,Conch vs MUSK,70,0.8568316408096852,10.0
73,Conch vs MUSK,90,0.7771116002496159,10.0
73,H-optimus vs MUSK,10,0.9382051949842498,10.0
73,H-optimus vs MUSK,30,0.8485169698509051,10.0
73,H-optimus vs MUSK,50,0.7497026982694861,10.0
73,H-optimus vs MUSK,70,0.5960350407414413,10.0
73,H-optimus vs MUSK,90,0.7349706986237625,10.0
74,Conch vs H-optimus,10,0.9533762027300146,10.0
74,Conch vs H-optimus,30,0.8929329649201133,10.0
74,Conch vs H-optimus,50,0.7833699367614828,10.0
74,Conch vs H-optimus,70,0.6924671657178523,10.0
74,Conch vs H-optimus,90,0.7860922919595393,10.0
74,Conch vs MUSK,10,0.9567327731985982,10.0
74,Conch vs MUSK,30,0.9202428144266526,10.0
74,Conch vs MUSK,50,0.8468253495476797,10.0
74,Conch vs MUSK,70,0.7840752677817646,10.0
74,Conch vs MUSK,90,0.7631951227726799,10.0
74,H-optimus vs MUSK,10,0.9522553536896798,10.0
74,H-optimus vs MUSK,30,0.9042826207038033,10.0
74,H-optimus vs MUSK,50,0.7987123963902424,10.0
74,H-optimus vs MUSK,70,0.6871217404999019,10.0
74,H-optimus vs MUSK,90,0.7508495766800011,10.0
75,Conch vs H-optimus,10,0.9439639308944444,10.0
75,Conch vs H-optimus,30,0.8748536091769176,10.0
75,Conch vs H-optimus,50,0.801750761797554,10.0
75,Conch vs H-optimus,70,0.7940809237837592,10.0
75,Conch vs H-optimus,90,0.7648353916542739,10.0
75,Conch vs MUSK,10,0.948713253797438,10.0
75,Conch vs MUSK,30,0.885744211385856,10.0
75,Conch vs MUSK,50,0.8218556450281739,10.0
75,Conch vs MUSK,70,0.807660503804586,10.0
75,Conch vs MUSK,90,0.773194468157694,10.0
75,H-optimus vs MUSK,10,0.9722010882095171,10.0
75,H-optimus vs MUSK,30,0.9345572205068395,10.0
75,H-optimus vs MUSK,50,0.9051734003829464,10.0
75,H-optimus vs MUSK,70,0.9028930253419789,10.0
75,H-optimus vs MUSK,90,0.7722887110871401,10.0
76,Conch vs H-optimus,10,0.9538043608591171,10.0
76,Conch vs H-optimus,30,0.9046741522552312,10.0
76,Conch vs H-optimus,50,0.8768400781333283,10.0
76,Conch vs H-optimus,70,0.8701305422968293,10.0
76,Conch vs H-optimus,90,0.7711070705683924,10.0
76,Conch vs MUSK,10,0.9568994294440537,10.0
76,Conch vs MUSK,30,0.9139430373436516,10.0
76,Conch vs MUSK,50,0.8851728327499236,10.0
76,Conch vs MUSK,70,0.8677052260682546,10.0
76,Conch vs MUSK,90,0.7708759265335007,10.0
76,H-optimus vs MUSK,10,0.9718906267849661,10.0
76,H-optimus vs MUSK,30,0.9346805975167634,10.0
76,H-optimus vs MUSK,50,0.9163643825230335,10.0
76,H-optimus vs MUSK,70,0.9135814533675292,10.0
76,H-optimus vs MUSK,90,0.7704745922441021,10.0
77,Conch vs H-optimus,10,0.9475137350339301,10.0
77,Conch vs H-optimus,30,0.8937220513652467,10.0
77,Conch vs H-optimus,50,0.8573071075310372,10.0
77,Conch vs H-optimus,70,0.8030179364162772,10.0
77,Conch vs H-optimus,90,0.7706019846399504,10.0
77,Conch vs MUSK,10,0.9717514996343674,10.0
77,Conch vs MUSK,30,0.9539149590138541,10.0
77,Conch vs MUSK,50,0.9278731590909712,10.0
77,Conch vs MUSK,70,0.9019296749498981,10.0
77,Conch vs MUSK,90,0.7767199173287048,10.0
77,H-optimus vs MUSK,10,0.9494725610077236,10.0
77,H-optimus vs MUSK,30,0.8929451746911365,10.0
77,H-optimus vs MUSK,50,0.858023003464696,10.0
77,H-optimus vs MUSK,70,0.8052829669857298,10.0
77,H-optimus vs MUSK,90,0.7659246179033966,10.0
78,Conch vs H-optimus,10,0.9516001436957229,10.0
78,Conch vs H-optimus,30,0.9091668772223788,10.0
78,Conch vs H-optimus,50,0.8716502018726764,10.0
78,Conch vs H-optimus,70,0.8367754451643086,10.0
78,Conch vs H-optimus,90,0.7964643182112919,10.0
78,Conch vs MUSK,10,0.9546819531154273,10.0
78,Conch vs MUSK,30,0.9154206316944168,10.0
78,Conch vs MUSK,50,0.8814457213653885,10.0
78,Conch vs MUSK,70,0.845813655023505,10.0
78,Conch vs MUSK,90,0.7506089131722113,10.0
78,H-optimus vs MUSK,10,0.9652858285220081,10.0
78,H-optimus vs MUSK,30,0.9229923521110155,10.0
78,H-optimus vs MUSK,50,0.8914507847374274,10.0
78,H-optimus vs MUSK,70,0.8647680120708919,10.0
78,H-optimus vs MUSK,90,0.7380840563231136,10.0
79,Conch vs H-optimus,10,0.9251101812178175,10.0
79,Conch vs H-optimus,30,0.8491606423725068,10.0
79,Conch vs H-optimus,50,0.7978069947687344,10.0
79,Conch vs H-optimus,70,0.714668655490323,10.0
79,Conch vs H-optimus,90,0.7768389205090911,10.0
79,Conch vs MUSK,10,0.9245490618814325,10.0
79,Conch vs MUSK,30,0.8448327239870889,10.0
79,Conch vs MUSK,50,0.7854106033985464,10.0
79,Conch vs MUSK,70,0.6868920970605881,10.0
79,Conch vs MUSK,90,0.748356156371868,10.0
79,H-optimus vs MUSK,10,0.9639937894373888,10.0
79,H-optimus vs MUSK,30,0.9215637610639421,10.0
79,H-optimus vs MUSK,50,0.8883432433017966,10.0
79,H-optimus vs MUSK,70,0.8183967237494639,10.0
79,H-optimus vs MUSK,90,0.7460291115499539,10.0
80,Conch vs H-optimus,10,0.9283815846133696,10.0
80,Conch vs H-optimus,30,0.8718720471213376,10.0
80,Conch vs H-optimus,50,0.8327242939300431,10.0
80,Conch vs H-optimus,70,0.6797781850650699,10.0
80,Conch vs H-optimus,90,0.7994087263829687,10.0
80,Conch vs MUSK,10,0.9287100304225604,10.0
80,Conch vs MUSK,30,0.8669526256048645,10.0
80,Conch vs MUSK,50,0.821766763494692,10.0
80,Conch vs MUSK,70,0.6639350345075995,10.0
80,Conch vs MUSK,90,0.7163380529135449,10.0
80,H-optimus vs MUSK,10,0.9672543986103687,10.0
80,H-optimus vs MUSK,30,0.9292502134763893,10.0
80,H-optimus vs MUSK,50,0.9042097040769309,10.0
80,H-optimus vs MUSK,70,0.8912396331081207,10.0
80,H-optimus vs MUSK,90,0.7167166207088905,10.0
81,Conch vs H-optimus,10,0.93771703619194,10.0
81,Conch vs H-optimus,30,0.8652320974599185,10.0
81,Conch vs H-optimus,50,0.8029228875670776,10.0
81,Conch vs H-optimus,70,0.7382122757773452,10.0
81,Conch vs H-optimus,90,0.7881744346711835,10.0
81,Conch vs MUSK,10,0.9396443157165237,10.0
81,Conch vs MUSK,30,0.870640410182382,10.0
81,Conch vs MUSK,50,0.8062883378501232,10.0
81,Conch vs MUSK,70,0.7391350618652927,10.0
81,Conch vs MUSK,90,0.7706852151295936,10.0
81,H-optimus vs MUSK,10,0.9713016808542541,10.0
81,H-optimus vs MUSK,30,0.9427343256522527,10.0
81,H-optimus vs MUSK,50,0.9210760222995479,10.0
81,H-optimus vs MUSK,70,0.9089761039471028,10.0
81,H-optimus vs MUSK,90,0.7882334175641774,10.0
82,Conch vs H-optimus,10,0.9219374169317818,10.0
82,Conch vs H-optimus,30,0.8372434536864896,10.0
82,Conch vs H-optimus,50,0.7229271754607292,10.0
82,Conch vs H-optimus,70,0.5029175290972691,10.0
82,Conch vs H-optimus,90,0.8253033651640195,10.0
82,Conch vs MUSK,10,0.9366319460530155,10.0
82,Conch vs MUSK,30,0.8955915920495107,10.0
82,Conch vs MUSK,50,0.8137233525370983,10.0
82,Conch vs MUSK,70,0.5594815970098259,10.0
82,Conch vs MUSK,90,0.7565783991866986,10.0
82,H-optimus vs MUSK,10,0.9283264130457956,10.0
82,H-optimus vs MUSK,30,0.8372561535559184,10.0
82,H-optimus vs MUSK,50,0.7102019399336262,10.0
82,H-optimus vs MUSK,70,0.326119507799827,10.0
82,H-optimus vs MUSK,90,0.761132589073174,10.0
83,Conch vs H-optimus,10,0.9308726848745998,10.0
83,Conch vs H-optimus,30,0.8397258361208987,10.0
83,Conch vs H-optimus,50,0.7500493946599135,10.0
83,Conch vs H-optimus,70,0.6676865602258228,10.0
83,Conch vs H-optimus,90,0.766616385004068,10.0
83,Conch vs MUSK,10,0.9286986665006896,10.0
83,Conch vs MUSK,30,0.8378038823060446,10.0
83,Conch vs MUSK,50,0.7506139462289164,10.0
83,Conch vs MUSK,70,0.6649720186016995,10.0
83,Conch vs MUSK,90,0.7658703882917566,10.0
83,H-optimus vs MUSK,10,0.9715763590970568,10.0
83,H-optimus vs MUSK,30,0.9386878999583935,10.0
83,H-optimus vs MUSK,50,0.9123555651279758,10.0
83,H-optimus vs MUSK,70,0.8931872481798008,10.0
83,H-optimus vs MUSK,90,0.7991918916383972,10.0
84,Conch vs H-optimus,10,0.9154876897038524,10.0
84,Conch vs H-optimus,30,0.8345042747574092,10.0
84,Conch vs H-optimus,50,0.7933744541777038,10.0
84,Conch vs H-optimus,70,0.6281894010387323,10.0
84,Conch vs H-optimus,90,0.6749842303685931,10.0
84,Conch vs MUSK,10,0.9182922536690579,10.0
84,Conch vs MUSK,30,0.8364309546976524,10.0
84,Conch vs MUSK,50,0.7883857673125971,10.0
84,Conch vs MUSK,70,0.6151543397500678,10.0
84,Conch vs MUSK,90,0.718640260685191,10.0
84,H-optimus vs MUSK,10,0.9757002549771735,10.0
84,H-optimus vs MUSK,30,0.9479875438568945,10.0
84,H-optimus vs MUSK,50,0.9379675259981783,10.0
84,H-optimus vs MUSK,70,0.92189209098821,10.0
84,H-optimus vs MUSK,90,0.7502575955887973,10.0
85,Conch vs H-optimus,10,0.921762529431542,10.0
85,Conch vs H-optimus,30,0.8420065657740342,10.0
85,Conch vs H-optimus,50,0.7995086834996615,10.0
85,Conch vs H-optimus,70,0.6830991499402392,10.0
85,Conch vs H-optimus,90,0.7403706981398315,10.0
85,Conch vs MUSK,10,0.9195269723473222,10.0
85,Conch vs MUSK,30,0.8368826766686949,10.0
85,Conch vs MUSK,50,0.7915935117889761,10.0
85,Conch vs MUSK,70,0.6659994776129479,10.0
85,Conch vs MUSK,90,0.801269216411511,10.0
85,H-optimus vs MUSK,10,0.9759946215667217,10.0
85,H-optimus vs MUSK,30,0.942499783481036,10.0
85,H-optimus vs MUSK,50,0.930579499072806,10.0
85,H-optimus vs MUSK,70,0.9276920157608376,10.0
85,H-optimus vs MUSK,90,0.769665474193778,10.0
86,Conch vs H-optimus,10,0.9121846986241055,10.0
86,Conch vs H-optimus,30,0.8075950926349157,10.0
86,Conch vs H-optimus,50,0.7377251772104552,10.0
86,Conch vs H-optimus,70,0.5636404161701949,10.0
86,Conch vs H-optimus,90,0.7389693166657824,10.0
86,Conch vs MUSK,10,0.9131208237443978,10.0
86,Conch vs MUSK,30,0.8065938530662874,10.0
86,Conch vs MUSK,50,0.7431898015289545,10.0
86,Conch vs MUSK,70,0.5763701854649604,10.0
86,Conch vs MUSK,90,0.7952383664634541,10.0
86,H-optimus vs MUSK,10,0.9680643443218169,10.0
86,H-optimus vs MUSK,30,0.930230464743313,10.0
86,H-optimus vs MUSK,50,0.9004401872966739,10.0
86,H-optimus vs MUSK,70,0.8845558015857155,10.0
86,H-optimus vs MUSK,90,0.7586786786786179,10.0
87,Conch vs H-optimus,10,0.9644567843669103,10.0
87,Conch vs H-optimus,30,0.9242271973113929,10.0
87,Conch vs H-optimus,50,0.8990096206796985,10.0
87,Conch vs H-optimus,70,0.8651592652871174,10.0
87,Conch vs H-optimus,90,0.8079959366040679,10.0
87,Conch vs MUSK,10,0.9662978582714609,10.0
87,Conch vs MUSK,30,0.928545868111909,10.0
87,Conch vs MUSK,50,0.9083565560922564,10.0
87,Conch vs MUSK,70,0.8568901869634405,10.0
87,Conch vs MUSK,90,0.7283689045588927,10.0
87,H-optimus vs MUSK,10,0.9716944365126433,10.0
87,H-optimus vs MUSK,30,0.9438615004285265,10.0
87,H-optimus vs MUSK,50,0.9233644146316757,10.0
87,H-optimus vs MUSK,70,0.91359556195779,10.0
87,H-optimus vs MUSK,90,0.7611193596281098,10.0
88,Conch vs H-optimus,10,0.9220290529285445,10.0
88,Conch vs H-optimus,30,0.8008370832728408,10.0
88,Conch vs H-optimus,50,0.7301583572200432,10.0
88,Conch vs H-optimus,70,0.6882746548462495,10.0
88,Conch vs H-optimus,90,0.7906219966614856,10.0
88,Conch vs MUSK,10,0.9291644049189293,10.0
88,Conch vs MUSK,30,0.8162672978661147,10.0
88,Conch vs MUSK,50,0.7537294351175731,10.0
88,Conch vs MUSK,70,0.7164227010498907,10.0
88,Conch vs MUSK,90,0.7224332168642331,10.0
88,H-optimus vs MUSK,10,0.9630605740179753,10.0
88,H-optimus vs MUSK,30,0.9028451440549576,10.0
88,H-optimus vs MUSK,50,0.846252469486603,10.0
88,H-optimus vs MUSK,70,0.8045586713181959,10.0
88,H-optimus vs MUSK,90,0.7256366532970895,10.0
89,Conch vs H-optimus,10,0.9260407523628975,10.0
89,Conch vs H-optimus,30,0.8439644270240614,10.0
89,Conch vs H-optimus,50,0.8005817961695482,10.0
89,Conch vs H-optimus,70,0.7461035555318504,10.0
89,Conch vs H-optimus,90,0.7052548677120228,10.0
89,Conch vs MUSK,10,0.9293171614412176,10.0
89,Conch vs MUSK,30,0.8477027051468226,10.0
89,Conch vs MUSK,50,0.7962249285468691,10.0
89,Conch vs MUSK,70,0.7451279468006758,10.0
89,Conch vs MUSK,90,0.7427121679434266,10.0
89,H-optimus vs MUSK,10,0.9706819828503123,10.0
89,H-optimus vs MUSK,30,0.9356235724950697,10.0
89,H-optimus vs MUSK,50,0.9164682296279089,10.0
89,H-optimus vs MUSK,70,0.8956095414334464,10.0
89,H-optimus vs MUSK,90,0.7692885790752548,10.0
90,Conch vs H-optimus,10,0.9468395118923946,10.0
90,Conch vs H-optimus,30,0.9038510327719457,10.0
90,Conch vs H-optimus,50,0.8733070764374822,10.0
90,Conch vs H-optimus,70,0.8290729165794828,10.0
90,Conch vs H-optimus,90,0.7962152552223327,10.0
90,Conch vs MUSK,10,0.9476660901104003,10.0
90,Conch vs MUSK,30,0.9034877506335768,10.0
90,Conch vs MUSK,50,0.8672061376586085,10.0
90,Conch vs MUSK,70,0.8206073964538085,10.0
90,Conch vs MUSK,90,0.775391491248953,10.0
90,H-optimus vs MUSK,10,0.9705108677969299,10.0
90,H-optimus vs MUSK,30,0.9435865839094677,10.0
90,H-optimus vs MUSK,50,0.9348413847414865,10.0
90,H-optimus vs MUSK,70,0.9307012388099927,10.0
90,H-optimus vs MUSK,90,0.7864987080102691,10.0
91,Conch vs H-optimus,10,0.9411656443481946,10.0
91,Conch vs H-optimus,30,0.8876703671405647,10.0
91,Conch vs H-optimus,50,0.860719190483659,10.0
91,Conch vs H-optimus,70,0.8495679452768193,10.0
91,Conch vs H-optimus,90,0.773482944962588,10.0
91,Conch vs MUSK,10,0.9695467476549192,10.0
91,Conch vs MUSK,30,0.939673174329362,10.0
91,Conch vs MUSK,50,0.9140974912757791,10.0
91,Conch vs MUSK,70,0.8854142317143142,10.0
91,Conch vs MUSK,90,0.7725641639041068,10.0
91,H-optimus vs MUSK,10,0.9477009557872699,10.0
91,H-optimus vs MUSK,30,0.8956634705214573,10.0
91,H-optimus vs MUSK,50,0.8707114223683077,10.0
91,H-optimus vs MUSK,70,0.8617069138107261,10.0
91,H-optimus vs MUSK,90,0.7766120030908581,10.0
92,Conch vs H-optimus,10,0.9411170835024674,10.0
92,Conch vs H-optimus,30,0.8976428652999825,10.0
92,Conch vs H-optimus,50,0.8582310550518307,10.0
92,Conch vs H-optimus,70,0.8064884468811309,10.0
92,Conch vs H-optimus,90,0.74677052469,10.0
92,Conch vs MUSK,10,0.9450517241379219,10.0
92,Conch vs MUSK,30,0.9049432690100061,10.0
92,Conch vs MUSK,50,0.8656079953319707,10.0
92,Conch vs MUSK,70,0.8076024205525241,10.0
92,Conch vs MUSK,90,0.7587410493536064,10.0
92,H-optimus vs MUSK,10,0.9759872732643812,10.0
92,H-optimus vs MUSK,30,0.9404595627461136,10.0
92,H-optimus vs MUSK,50,0.917918089025999,10.0
92,H-optimus vs MUSK,70,0.9071277989857869,10.0
92,H-optimus vs MUSK,90,0.7820970338771406,10.0
93,Conch vs H-optimus,10,0.9379443416265936,10.0
93,Conch vs H-optimus,30,0.8389760869776521,10.0
93,Conch vs H-optimus,50,0.7218477874908993,10.0
93,Conch vs H-optimus,70,0.589833397247416,10.0
93,Conch vs H-optimus,90,0.8078371492540461,10.0
93,Conch vs MUSK,10,0.9633976376636373,10.0
93,Conch vs MUSK,30,0.9197401742178726,10.0
93,Conch vs MUSK,50,0.8765117567091137,10.0
93,Conch vs MUSK,70,0.8228577330471768,10.0
93,Conch vs MUSK,90,0.7847745800499698,10.0
93,H-optimus vs MUSK,10,0.9375246568058412,10.0
93,H-optimus vs MUSK,30,0.8367732502026691,10.0
93,H-optimus vs MUSK,50,0.7182650823842496,10.0
93,H-optimus vs MUSK,70,0.5939084706330551,10.0
93,H-optimus vs MUSK,90,0.7829287619176785,10.0
94,Conch vs H-optimus,10,0.9345533418561469,10.0
94,Conch vs H-optimus,30,0.8453145588839949,10.0
94,Conch vs H-optimus,50,0.8019359084074477,10.0
94,Conch vs H-optimus,70,0.6501379903180391,10.0
94,Conch vs H-optimus,90,0.7389974384693206,10.0
94,Conch vs MUSK,10,0.9358899860711478,10.0
94,Conch vs MUSK,30,0.8494342138808705,10.0
94,Conch vs MUSK,50,0.8056840465437115,10.0
94,Conch vs MUSK,70,0.6462108521044971,10.0
94,Conch vs MUSK,90,0.759676645886076,10.0
94,H-optimus vs MUSK,10,0.9784973025805059,10.0
94,H-optimus vs MUSK,30,0.9458951541623287,10.0
94,H-optimus vs MUSK,50,0.9310184837712466,10.0
94,H-optimus vs MUSK,70,0.9294008884078296,10.0
94,H-optimus vs MUSK,90,0.7435530204564219,10.0
95,Conch vs H-optimus,10,0.9247470170314387,10.0
95,Conch vs H-optimus,30,0.8193212439704923,10.0
95,Conch vs H-optimus,50,0.7357769636434415,10.0
95,Conch vs H-optimus,70,0.6858724003640899,10.0
95,Conch vs H-optimus,90,0.7576890399319662,10.0
95,Conch vs MUSK,10,0.9289682614163092,10.0
95,Conch vs MUSK,30,0.8288360233805495,10.0
95,Conch vs MUSK,50,0.7578458300694777,10.0
95,Conch vs MUSK,70,0.7157713374938065,10.0
95,Conch vs MUSK,90,0.7503139935767662,10.0
95,H-optimus vs MUSK,10,0.9612371370176849,10.0
95,H-optimus vs MUSK,30,0.9047502285365931,10.0
95,H-optimus vs MUSK,50,0.8250047424871311,10.0
95,H-optimus vs MUSK,70,0.7670734874058471,10.0
95,H-optimus vs MUSK,90,0.7478814094201964,10.0
96,Conch vs H-optimus,10,0.933891192619906,10.0
96,Conch vs H-optimus,30,0.8559238460815012,10.0
96,Conch vs H-optimus,50,0.7860598232150413,10.0
96,Conch vs H-optimus,70,0.7326778906247566,10.0
96,Conch vs H-optimus,90,0.7866533590307694,10.0
96,Conch vs MUSK,10,0.9365226881704967,10.0
96,Conch vs MUSK,30,0.8567444699218406,10.0
96,Conch vs MUSK,50,0.7846988073921284,10.0
96,Conch vs MUSK,70,0.7289852125484142,10.0
96,Conch vs MUSK,90,0.7546959741562635,10.0
96,H-optimus vs MUSK,10,0.9622611649768326,10.0
96,H-optimus vs MUSK,30,0.9040250141988992,10.0
96,H-optimus vs MUSK,50,0.8508829619213593,10.0
96,H-optimus vs MUSK,70,0.8207613791381997,10.0
96,H-optimus vs MUSK,90,0.7616874752695497,10.0
97,Conch vs H-optimus,10,0.946562477762404,10.0
97,Conch vs H-optimus,30,0.893601787076055,10.0
97,Conch vs H-optimus,50,0.8483819375207563,10.0
97,Conch vs H-optimus,70,0.8344479610772315,10.0
97,Conch vs H-optimus,90,0.7594904306423578,10.0
97,Conch vs MUSK,10,0.9495465463615835,10.0
97,Conch vs MUSK,30,0.896770596979881,10.0
97,Conch vs MUSK,50,0.85439591860782,10.0
97,Conch vs MUSK,70,0.8356418872769763,10.0
97,Conch vs MUSK,90,0.7681907466772588,10.0
97,H-optimus vs MUSK,10,0.9721209480419981,10.0
97,H-optimus vs MUSK,30,0.9387978409605408,10.0
97,H-optimus vs MUSK,50,0.9105154951076971,10.0
97,H-optimus vs MUSK,70,0.9057880037920263,10.0
97,H-optimus vs MUSK,90,0.7693613904241219,10.0
98,Conch vs H-optimus,10,0.9610295635998202,10.0
98,Conch vs H-optimus,30,0.8693257254364262,10.0
98,Conch vs H-optimus,50,0.8693257254364262,10.0
98,Conch vs H-optimus,70,0.629482738639423,10.0
98,Conch vs H-optimus,90,0.8033533686637948,10.0
98,Conch vs MUSK,10,0.971813214446144,10.0
98,Conch vs MUSK,30,0.9102184907853381,10.0
98,Conch vs MUSK,50,0.8492561916834923,10.0
98,Conch vs MUSK,70,0.7011638785523159,10.0
98,Conch vs MUSK,90,0.755773662483151,10.0
98,H-optimus vs MUSK,10,0.9383360307091255,10.0
98,H-optimus vs MUSK,30,0.8147700231345604,10.0
98,H-optimus vs MUSK,50,0.8378192506618082,10.0
98,H-optimus vs MUSK,70,0.4032580287386614,10.0
98,H-optimus vs MUSK,90,0.7449944083170489,10.0
99,Conch vs H-optimus,10,0.9778590215009648,10.0
99,Conch vs H-optimus,30,0.9095508257806575,10.0
99,Conch vs H-optimus,50,0.6779760559088547,10.0
99,Conch vs H-optimus,70,0.6452181039819231,10.0
99,Conch vs H-optimus,90,0.8214510319592263,10.0
99,Conch vs MUSK,10,0.9654378478503521,10.0
99,Conch vs MUSK,30,0.9654378478503521,10.0
99,Conch vs MUSK,50,0.6545458961471394,10.0
99,Conch vs MUSK,70,0.6545458961471394,10.0
99,Conch vs MUSK,90,0.7363819282267832,10.0
99,H-optimus vs MUSK,10,0.9722399709953211,10.0
99,H-optimus vs MUSK,30,0.9018575731187066,10.0
99,H-optimus vs MUSK,50,0.7702034650197966,10.0
99,H-optimus vs MUSK,70,0.6432987050405672,10.0
99,H-optimus vs MUSK,90,0.7340187098030977,10.0
